<?xml version="1.0" encoding="UTF-8"?>
<!DOCTYPE plist PUBLIC "-//Apple//DTD PLIST 1.0//EN" "http://www.apple.com/DTDs/PropertyList-1.0.dtd"/>

<plist version="1.0">
    <dict>
        <key>ROOT</key>
        <array>
            <dict>
                <key>id</key>
                <string>582</string>
                <key>className</key>
                <string>PTModelObjectAssetScreenJump</string>
                <key>Name</key>
                <dict>
                    <key>value</key>
                    <string>Menu Jump</string>
                </dict>
                <key>Position</key>
                <dict>
                    <key>value</key>
                    <string>{2557.005,215.943}</string>
                </dict>
                <key>Scale</key>
                <dict>
                    <key>value</key>
                    <string>{1.000,1.000}</string>
                </dict>
                <key>Hidden</key>
                <dict>
                    <key>visible</key>
                    <string>0</string>
                </dict>
                <key>Locked</key>
                <dict>
                    <key>visible</key>
                    <string>0</string>
                </dict>
                <key>Function</key>
                <dict>
                    <key>selectedStringValue</key>
                    <string>kNoAction</string>
                </dict>
                <key>zDepth</key>
                <string>520</string>
            </dict>
            <dict>
                <key>id</key>
                <string>1017</string>
                <key>className</key>
                <string>PTModelObjectAssetScreenJump</string>
                <key>Name</key>
                <dict>
                    <key>value</key>
                    <string>Secret Exit</string>
                </dict>
                <key>Position</key>
                <dict>
                    <key>value</key>
                    <string>{1005.956,227.477}</string>
                </dict>
                <key>Scale</key>
                <dict>
                    <key>value</key>
                    <string>{1.000,1.000}</string>
                </dict>
                <key>Hidden</key>
                <dict>
                    <key>visible</key>
                    <string>0</string>
                </dict>
                <key>Locked</key>
                <dict>
                    <key>visible</key>
                    <string>0</string>
                </dict>
                <key>Function</key>
                <dict>
                    <key>selectedStringValue</key>
                    <string>kNoAction</string>
                </dict>
                <key>zDepth</key>
                <string>501</string>
            </dict>
            <dict>
                <key>id</key>
                <string>1303</string>
                <key>className</key>
                <string>PTModelObjectAssetScreenJump</string>
                <key>Name</key>
                <dict>
                    <key>value</key>
                    <string>Menu Jump</string>
                </dict>
                <key>Position</key>
                <dict>
                    <key>value</key>
                    <string>{2557.005,215.943}</string>
                </dict>
                <key>Scale</key>
                <dict>
                    <key>value</key>
                    <string>{1.000,1.000}</string>
                </dict>
                <key>Hidden</key>
                <dict>
                    <key>visible</key>
                    <string>0</string>
                </dict>
                <key>Locked</key>
                <dict>
                    <key>visible</key>
                    <string>0</string>
                </dict>
                <key>Function</key>
                <dict>
                    <key>selectedStringValue</key>
                    <string>kNoAction</string>
                </dict>
                <key>zDepth</key>
                <string>520</string>
            </dict>
            <dict>
                <key>id</key>
                <string>1658</string>
                <key>className</key>
                <string>PTModelObjectAssetScreenJump</string>
                <key>Name</key>
                <dict>
                    <key>value</key>
                    <string>Next</string>
                </dict>
                <key>Position</key>
                <dict>
                    <key>value</key>
                    <string>{1071.000,575.000}</string>
                </dict>
                <key>Scale</key>
                <dict>
                    <key>value</key>
                    <string>{1.000,1.000}</string>
                </dict>
                <key>Hidden</key>
                <dict>
                    <key>visible</key>
                    <string>0</string>
                </dict>
                <key>Locked</key>
                <dict>
                    <key>visible</key>
                    <string>0</string>
                </dict>
                <key>Function</key>
                <dict>
                    <key>selectedStringValue</key>
                    <string>kNoAction</string>
                </dict>
                <key>zDepth</key>
                <string>0</string>
            </dict>
            <dict>
                <key>id</key>
                <string>2574</string>
                <key>className</key>
                <string>PTModelObjectAssetScreenJump</string>
                <key>Name</key>
                <dict>
                    <key>value</key>
                    <string>Menu Jump</string>
                </dict>
                <key>Position</key>
                <dict>
                    <key>value</key>
                    <string>{1718.814,375.056}</string>
                </dict>
                <key>Scale</key>
                <dict>
                    <key>value</key>
                    <string>{1.000,8.112}</string>
                </dict>
                <key>Hidden</key>
                <dict>
                    <key>visible</key>
                    <string>0</string>
                </dict>
                <key>Locked</key>
                <dict>
                    <key>visible</key>
                    <string>0</string>
                </dict>
                <key>Function</key>
                <dict>
                    <key>selectedStringValue</key>
                    <string>kNoAction</string>
                </dict>
                <key>zDepth</key>
                <string>501</string>
            </dict>
        </array>
    </dict>
</plist>
