<?xml version="1.0" encoding="UTF-8"?>
<!DOCTYPE plist PUBLIC "-//Apple//DTD PLIST 1.0//EN" "http://www.apple.com/DTDs/PropertyList-1.0.dtd"/>

<plist version="1.0">
    <dict>
        <key>ROOT</key>
        <array>
            <dict>
                <key>id</key>
                <string>582</string>
            </dict>
            <dict>
                <key>id</key>
                <string>1017</string>
            </dict>
            <dict>
                <key>id</key>
                <string>1303</string>
            </dict>
            <dict>
                <key>id</key>
                <string>1658</string>
            </dict>
            <dict>
                <key>id</key>
                <string>2574</string>
            </dict>
        </array>
    </dict>
</plist>
