<?xml version="1.0" encoding="UTF-8"?>
<!DOCTYPE plist PUBLIC "-//Apple//DTD PLIST 1.0//EN" "http://www.apple.com/DTDs/PropertyList-1.0.dtd"/>

<plist version="1.0">
    <dict>
        <key>ROOT</key>
        <array>
            <dict>
                <key>id</key>
                <string>3436</string>
                <key>className</key>
                <string>PTModelComponentMove</string>
                <key>Name</key>
                <dict>
                    <key>value</key>
                    <string>slide</string>
                </dict>
                <key>Collision Shape</key>
                <dict>
                    <key>id</key>
                    <string>3437</string>
                    <key>className</key>
                    <string>PTModelPolygon</string>
                    <key>Name</key>
                    <dict>
                        <key>value</key>
                        <string></string>
                    </dict>
                    <key>points</key>
                    <array>
                        <string>{-173.000000,-173.000000}</string>
                        <string>{189.000000,-173.000000}</string>
                        <string>{189.000000,170.000000}</string>
                        <string>{-173.000000,170.000000}</string>
                    </array>
                    <key>oneWayCollisionVector</key>
                    <string>{0.000000,0.000000}</string>
                    <key>shapeType</key>
                    <string>1</string>
                </dict>
                <key>Activate On Start</key>
                <dict>
                    <key>visible</key>
                    <string>0</string>
                </dict>
                <key>Linear Velocity</key>
                <dict>
                    <key>value</key>
                    <string>{0.000,0.000}</string>
                    <key>animationsX</key>
                    <array/>
                    <key>animationsY</key>
                    <array/>
                </dict>
                <key>Angular Velocity</key>
                <dict>
                    <key>animations</key>
                    <array/>
                </dict>
                <key>Mathematical Operation</key>
                <dict>
                    <key>selectedStringValue</key>
                    <string>kReplace</string>
                </dict>
                <key>Event</key>
                <dict>
                    <key>selectedStringValue</key>
                    <string>kInputControllerActionButton-3466</string>
                </dict>
                <key>Affected asset</key>
                <dict>
                    <key>visible</key>
                    <string>0</string>
                    <key>selectedStringValue</key>
                    <string>-1</string>
                </dict>
                <key>Timeout</key>
                <dict>
                    <key>animations</key>
                    <array/>
                </dict>
                <key>_senderId</key>
                <string>3466</string>
            </dict>
        </array>
    </dict>
</plist>
