<?xml version="1.0" encoding="UTF-8"?>
<!DOCTYPE plist PUBLIC "-//Apple//DTD PLIST 1.0//EN" "http://www.apple.com/DTDs/PropertyList-1.0.dtd"/>

<plist version="1.0">
    <dict>
        <key>ROOT</key>
        <array>
            <dict>
                <key>id</key>
                <string>6178</string>
                <key>className</key>
                <string>PTModelSound</string>
                <key>Name</key>
                <dict>
                    <key>value</key>
                    <string>212730__taira-komori__pouring01.mp3</string>
                </dict>
                <key>fileFormat</key>
                <string>mp3</string>
            </dict>
            <dict>
                <key>id</key>
                <string>6765</string>
                <key>className</key>
                <string>PTModelSound</string>
                <key>Name</key>
                <dict>
                    <key>value</key>
                    <string>pistol (online-audio-converter.com).mp3</string>
                </dict>
                <key>fileFormat</key>
                <string>mp3</string>
            </dict>
            <dict>
                <key>id</key>
                <string>6793</string>
                <key>className</key>
                <string>PTModelSound</string>
                <key>Name</key>
                <dict>
                    <key>value</key>
                    <string>1_Coins.mp3</string>
                </dict>
                <key>fileFormat</key>
                <string>mp3</string>
            </dict>
            <dict>
                <key>id</key>
                <string>6794</string>
                <key>className</key>
                <string>PTModelSound</string>
                <key>Name</key>
                <dict>
                    <key>value</key>
                    <string>3_Coins.mp3</string>
                </dict>
                <key>fileFormat</key>
                <string>mp3</string>
            </dict>
            <dict>
                <key>id</key>
                <string>6795</string>
                <key>className</key>
                <string>PTModelSound</string>
                <key>Name</key>
                <dict>
                    <key>value</key>
                    <string>4_Coins.mp3</string>
                </dict>
                <key>fileFormat</key>
                <string>mp3</string>
            </dict>
            <dict>
                <key>id</key>
                <string>6842</string>
                <key>className</key>
                <string>PTModelSound</string>
                <key>Name</key>
                <dict>
                    <key>value</key>
                    <string>jumpland44100.mp3</string>
                </dict>
                <key>fileFormat</key>
                <string>mp3</string>
            </dict>
            <dict>
                <key>id</key>
                <string>6969</string>
                <key>className</key>
                <string>PTModelSound</string>
                <key>Name</key>
                <dict>
                    <key>value</key>
                    <string>Viktor Kraus - Victory!.mp3</string>
                </dict>
                <key>fileFormat</key>
                <string>mp3</string>
            </dict>
            <dict>
                <key>id</key>
                <string>7076</string>
                <key>className</key>
                <string>PTModelSound</string>
                <key>Name</key>
                <dict>
                    <key>value</key>
                    <string>attack.mp3</string>
                </dict>
                <key>fileFormat</key>
                <string>mp3</string>
            </dict>
            <dict>
                <key>id</key>
                <string>7077</string>
                <key>className</key>
                <string>PTModelSound</string>
                <key>Name</key>
                <dict>
                    <key>value</key>
                    <string>PUNCH.mp3</string>
                </dict>
                <key>fileFormat</key>
                <string>mp3</string>
            </dict>
        </array>
    </dict>
</plist>
