<?xml version="1.0" encoding="UTF-8"?>
<!DOCTYPE plist PUBLIC "-//Apple//DTD PLIST 1.0//EN" "http://www.apple.com/DTDs/PropertyList-1.0.dtd"/>

<plist version="1.0">
    <dict>
        <key>ROOT</key>
        <array>
            <dict>
                <key>id</key>
                <string>4930</string>
                <key>Idle Animation</key>
                <dict>
                    <key>value</key>
                    <string>4932</string>
                </dict>
                <key>Idle Sound</key>
                <dict>
                    <key>value</key>
                    <string>6793</string>
                </dict>
                <key>Start Sound</key>
                <dict>
                    <key>value</key>
                    <string>6795</string>
                </dict>
                <key>End Sound</key>
                <dict>
                    <key>value</key>
                    <string>6794</string>
                </dict>
            </dict>
            <dict>
                <key>id</key>
                <string>5057</string>
                <key>Idle Animation</key>
                <dict>
                    <key>value</key>
                    <string>5059</string>
                </dict>
            </dict>
            <dict>
                <key>id</key>
                <string>5158</string>
                <key>Idle Animation</key>
                <dict>
                    <key>value</key>
                    <string>5160</string>
                </dict>
            </dict>
            <dict>
                <key>id</key>
                <string>6563</string>
                <key>Idle Animation</key>
                <dict>
                    <key>value</key>
                    <string>6565</string>
                </dict>
            </dict>
        </array>
    </dict>
</plist>
