<?xml version="1.0" encoding="UTF-8"?>
<!DOCTYPE plist PUBLIC "-//Apple//DTD PLIST 1.0//EN" "http://www.apple.com/DTDs/PropertyList-1.0.dtd"/>

<plist version="1.0">
    <dict>
        <key>ROOT</key>
        <array>
            <dict>
                <key>id</key>
                <string>1394</string>
                <key>children</key>
                <array>
                    <string>1563</string>
                    <string>1564</string>
                    <string>1708</string>
                    <string>1716</string>
                    <string>1726</string>
                </array>
            </dict>
            <dict>
                <key>id</key>
                <string>1626</string>
                <key>children</key>
                <array>
                    <string>1627</string>
                    <string>1628</string>
                </array>
            </dict>
        </array>
    </dict>
</plist>
