<?xml version="1.0" encoding="UTF-8"?>
<!DOCTYPE plist PUBLIC "-//Apple//DTD PLIST 1.0//EN" "http://www.apple.com/DTDs/PropertyList-1.0.dtd"/>

<plist version="1.0">
    <dict>
        <key>ROOT</key>
        <array>
            <dict>
                <key>id</key>
                <string>107</string>
                <key>sprites</key>
                <array>
                    <string>1573</string>
                    <string>121</string>
                    <string>1826</string>
                    <string>1737</string>
                    <string>1707</string>
                    <string>1698</string>
                    <string>1689</string>
                    <string>1680</string>
                    <string>442</string>
                    <string>1776</string>
                    <string>1581</string>
                    <string>342</string>
                    <string>106</string>
                    <string>1576</string>
                    <string>1607</string>
                    <string>1610</string>
                    <string>1620</string>
                    <string>1617</string>
                    <string>1604</string>
                    <string>1589</string>
                    <string>1567</string>
                    <string>1490</string>
                    <string>1484</string>
                    <string>1502</string>
                    <string>1591</string>
                    <string>1598</string>
                    <string>2143</string>
                    <string>151</string>
                    <string>110</string>
                    <string>2577</string>
                    <string>2132</string>
                    <string>3934</string>
                </array>
            </dict>
            <dict>
                <key>id</key>
                <string>1715</string>
                <key>sprites</key>
                <array>
                    <string>1714</string>
                    <string>1827</string>
                    <string>1828</string>
                    <string>1829</string>
                    <string>1830</string>
                    <string>1831</string>
                    <string>1832</string>
                    <string>1833</string>
                    <string>1834</string>
                    <string>1835</string>
                    <string>1836</string>
                    <string>1837</string>
                    <string>1854</string>
                    <string>1853</string>
                    <string>3439</string>
                    <string>2418</string>
                    <string>2496</string>
                    <string>2315</string>
                    <string>4928</string>
                    <string>3776</string>
                    <string>2028</string>
                    <string>2027</string>
                    <string>2026</string>
                    <string>2025</string>
                    <string>2024</string>
                    <string>2023</string>
                    <string>2030</string>
                    <string>2031</string>
                    <string>2032</string>
                    <string>2033</string>
                    <string>2034</string>
                    <string>2029</string>
                    <string>2060</string>
                    <string>2160</string>
                    <string>3726</string>
                    <string>2022</string>
                    <string>2035</string>
                    <string>2036</string>
                    <string>2051</string>
                    <string>3679</string>
                    <string>3715</string>
                    <string>2361</string>
                </array>
            </dict>
            <dict>
                <key>id</key>
                <string>1725</string>
                <key>sprites</key>
                <array>
                    <string>1724</string>
                    <string>1840</string>
                    <string>1839</string>
                    <string>1838</string>
                    <string>1916</string>
                    <string>1917</string>
                    <string>1862</string>
                    <string>1856</string>
                    <string>1855</string>
                    <string>1915</string>
                    <string>1861</string>
                    <string>1857</string>
                    <string>1860</string>
                    <string>1858</string>
                    <string>1914</string>
                    <string>1859</string>
                    <string>1918</string>
                    <string>1913</string>
                    <string>1919</string>
                    <string>3782</string>
                    <string>3781</string>
                    <string>3780</string>
                    <string>3779</string>
                    <string>3778</string>
                    <string>3777</string>
                </array>
            </dict>
            <dict>
                <key>id</key>
                <string>1753</string>
                <key>sprites</key>
                <array>
                    <string>1752</string>
                    <string>1939</string>
                    <string>1940</string>
                    <string>1938</string>
                    <string>1946</string>
                    <string>1945</string>
                    <string>1943</string>
                    <string>1942</string>
                    <string>1941</string>
                    <string>1944</string>
                    <string>1921</string>
                    <string>1920</string>
                    <string>1922</string>
                    <string>2079</string>
                    <string>4925</string>
                    <string>4927</string>
                    <string>4926</string>
                    <string>4924</string>
                    <string>3792</string>
                    <string>3791</string>
                    <string>3790</string>
                    <string>3789</string>
                    <string>3788</string>
                    <string>3787</string>
                    <string>3786</string>
                    <string>3785</string>
                    <string>3784</string>
                    <string>3783</string>
                </array>
            </dict>
            <dict>
                <key>id</key>
                <string>1948</string>
                <key>sprites</key>
                <array>
                    <string>2115</string>
                    <string>2114</string>
                    <string>2113</string>
                    <string>2116</string>
                    <string>2111</string>
                    <string>2112</string>
                    <string>2081</string>
                    <string>2086</string>
                    <string>2082</string>
                    <string>2080</string>
                    <string>2087</string>
                    <string>1947</string>
                    <string>2085</string>
                    <string>2084</string>
                    <string>2083</string>
                    <string>2109</string>
                    <string>2108</string>
                    <string>2110</string>
                    <string>2088</string>
                    <string>3440</string>
                    <string>5157</string>
                    <string>6371</string>
                    <string>6365</string>
                    <string>6383</string>
                    <string>6377</string>
                    <string>6389</string>
                    <string>6352</string>
                    <string>6199</string>
                    <string>4929</string>
                </array>
            </dict>
            <dict>
                <key>id</key>
                <string>3442</string>
                <key>sprites</key>
                <array>
                    <string>6193</string>
                    <string>6187</string>
                    <string>6181</string>
                    <string>3863</string>
                    <string>3862</string>
                    <string>3446</string>
                    <string>3447</string>
                    <string>3445</string>
                    <string>3449</string>
                    <string>3448</string>
                    <string>3444</string>
                    <string>3443</string>
                    <string>3441</string>
                    <string>6335</string>
                    <string>4859</string>
                </array>
            </dict>
            <dict>
                <key>id</key>
                <string>5050</string>
                <key>sprites</key>
                <array>
                    <string>5049</string>
                    <string>6216</string>
                    <string>6210</string>
                </array>
            </dict>
            <dict>
                <key>id</key>
                <string>5052</string>
                <key>sprites</key>
                <array>
                    <string>5051</string>
                    <string>6341</string>
                    <string>6324</string>
                </array>
            </dict>
            <dict>
                <key>id</key>
                <string>5054</string>
                <key>sprites</key>
                <array>
                    <string>5053</string>
                    <string>6853</string>
                </array>
            </dict>
            <dict>
                <key>id</key>
                <string>5056</string>
                <key>sprites</key>
                <array>
                    <string>5055</string>
                </array>
            </dict>
            <dict>
                <key>id</key>
                <string>6359</string>
                <key>sprites</key>
                <array>
                    <string>6562</string>
                    <string>6533</string>
                    <string>6358</string>
                </array>
            </dict>
        </array>
    </dict>
</plist>
