<?xml version="1.0" encoding="UTF-8"?>
<!DOCTYPE plist PUBLIC "-//Apple//DTD PLIST 1.0//EN" "http://www.apple.com/DTDs/PropertyList-1.0.dtd"/>

<plist version="1.0">
    <dict>
        <key>ROOT</key>
        <array>
            <dict>
                <key>id</key>
                <string>1746</string>
                <key>Asset</key>
                <dict>
                    <key>value</key>
                    <string>1738</string>
                </dict>
            </dict>
            <dict>
                <key>id</key>
                <string>2240</string>
                <key>Asset</key>
                <dict>
                    <key>value</key>
                    <string>2061</string>
                </dict>
            </dict>
            <dict>
                <key>id</key>
                <string>2242</string>
                <key>Asset</key>
                <dict>
                    <key>value</key>
                    <string>2061</string>
                </dict>
            </dict>
            <dict>
                <key>id</key>
                <string>2246</string>
                <key>Asset</key>
                <dict>
                    <key>value</key>
                    <string>2161</string>
                </dict>
            </dict>
            <dict>
                <key>id</key>
                <string>2370</string>
                <key>Asset</key>
                <dict>
                    <key>value</key>
                    <string>2362</string>
                </dict>
            </dict>
            <dict>
                <key>id</key>
                <string>2376</string>
                <key>Asset</key>
                <dict>
                    <key>value</key>
                    <string>2362</string>
                </dict>
            </dict>
            <dict>
                <key>id</key>
                <string>2379</string>
                <key>Asset</key>
                <dict>
                    <key>value</key>
                    <string>2362</string>
                </dict>
            </dict>
            <dict>
                <key>id</key>
                <string>2394</string>
                <key>Asset</key>
                <dict>
                    <key>value</key>
                    <string>2362</string>
                </dict>
            </dict>
            <dict>
                <key>id</key>
                <string>2427</string>
                <key>Asset</key>
                <dict>
                    <key>value</key>
                    <string>2419</string>
                </dict>
            </dict>
            <dict>
                <key>id</key>
                <string>2505</string>
                <key>Asset</key>
                <dict>
                    <key>value</key>
                    <string>2497</string>
                </dict>
            </dict>
            <dict>
                <key>id</key>
                <string>2527</string>
                <key>Asset</key>
                <dict>
                    <key>value</key>
                    <string>2061</string>
                </dict>
            </dict>
            <dict>
                <key>id</key>
                <string>2569</string>
                <key>Asset</key>
                <dict>
                    <key>value</key>
                    <string>2419</string>
                </dict>
            </dict>
            <dict>
                <key>id</key>
                <string>2586</string>
                <key>Asset</key>
                <dict>
                    <key>value</key>
                    <string>2578</string>
                </dict>
            </dict>
            <dict>
                <key>id</key>
                <string>2601</string>
                <key>Asset</key>
                <dict>
                    <key>value</key>
                    <string>2578</string>
                </dict>
            </dict>
            <dict>
                <key>id</key>
                <string>3221</string>
                <key>Asset</key>
                <dict>
                    <key>value</key>
                    <string>2578</string>
                </dict>
            </dict>
            <dict>
                <key>id</key>
                <string>3407</string>
                <key>Asset</key>
                <dict>
                    <key>value</key>
                    <string>2161</string>
                </dict>
            </dict>
            <dict>
                <key>id</key>
                <string>3523</string>
                <key>Asset</key>
                <dict>
                    <key>value</key>
                    <string>2061</string>
                </dict>
            </dict>
            <dict>
                <key>id</key>
                <string>3525</string>
                <key>Asset</key>
                <dict>
                    <key>value</key>
                    <string>2061</string>
                </dict>
            </dict>
            <dict>
                <key>id</key>
                <string>3529</string>
                <key>Asset</key>
                <dict>
                    <key>value</key>
                    <string>2061</string>
                </dict>
            </dict>
            <dict>
                <key>id</key>
                <string>3531</string>
                <key>Asset</key>
                <dict>
                    <key>value</key>
                    <string>2061</string>
                </dict>
            </dict>
            <dict>
                <key>id</key>
                <string>3533</string>
                <key>Asset</key>
                <dict>
                    <key>value</key>
                    <string>2061</string>
                </dict>
            </dict>
            <dict>
                <key>id</key>
                <string>3535</string>
                <key>Asset</key>
                <dict>
                    <key>value</key>
                    <string>2061</string>
                </dict>
            </dict>
            <dict>
                <key>id</key>
                <string>3537</string>
                <key>Asset</key>
                <dict>
                    <key>value</key>
                    <string>2061</string>
                </dict>
            </dict>
            <dict>
                <key>id</key>
                <string>3539</string>
                <key>Asset</key>
                <dict>
                    <key>value</key>
                    <string>2061</string>
                </dict>
            </dict>
            <dict>
                <key>id</key>
                <string>3541</string>
                <key>Asset</key>
                <dict>
                    <key>value</key>
                    <string>2061</string>
                </dict>
            </dict>
            <dict>
                <key>id</key>
                <string>3543</string>
                <key>Asset</key>
                <dict>
                    <key>value</key>
                    <string>2061</string>
                </dict>
            </dict>
            <dict>
                <key>id</key>
                <string>3545</string>
                <key>Asset</key>
                <dict>
                    <key>value</key>
                    <string>2061</string>
                </dict>
            </dict>
            <dict>
                <key>id</key>
                <string>3547</string>
                <key>Asset</key>
                <dict>
                    <key>value</key>
                    <string>2061</string>
                </dict>
            </dict>
            <dict>
                <key>id</key>
                <string>3549</string>
                <key>Asset</key>
                <dict>
                    <key>value</key>
                    <string>2061</string>
                </dict>
            </dict>
            <dict>
                <key>id</key>
                <string>3553</string>
                <key>Asset</key>
                <dict>
                    <key>value</key>
                    <string>2061</string>
                </dict>
            </dict>
            <dict>
                <key>id</key>
                <string>3555</string>
                <key>Asset</key>
                <dict>
                    <key>value</key>
                    <string>2061</string>
                </dict>
            </dict>
            <dict>
                <key>id</key>
                <string>3557</string>
                <key>Asset</key>
                <dict>
                    <key>value</key>
                    <string>2061</string>
                </dict>
            </dict>
            <dict>
                <key>id</key>
                <string>3559</string>
                <key>Asset</key>
                <dict>
                    <key>value</key>
                    <string>2061</string>
                </dict>
            </dict>
            <dict>
                <key>id</key>
                <string>3561</string>
                <key>Asset</key>
                <dict>
                    <key>value</key>
                    <string>2061</string>
                </dict>
            </dict>
            <dict>
                <key>id</key>
                <string>3563</string>
                <key>Asset</key>
                <dict>
                    <key>value</key>
                    <string>2061</string>
                </dict>
            </dict>
            <dict>
                <key>id</key>
                <string>3565</string>
                <key>Asset</key>
                <dict>
                    <key>value</key>
                    <string>2061</string>
                </dict>
            </dict>
            <dict>
                <key>id</key>
                <string>3567</string>
                <key>Asset</key>
                <dict>
                    <key>value</key>
                    <string>2061</string>
                </dict>
            </dict>
            <dict>
                <key>id</key>
                <string>3569</string>
                <key>Asset</key>
                <dict>
                    <key>value</key>
                    <string>2061</string>
                </dict>
            </dict>
            <dict>
                <key>id</key>
                <string>3571</string>
                <key>Asset</key>
                <dict>
                    <key>value</key>
                    <string>2061</string>
                </dict>
            </dict>
            <dict>
                <key>id</key>
                <string>3573</string>
                <key>Asset</key>
                <dict>
                    <key>value</key>
                    <string>2061</string>
                </dict>
            </dict>
            <dict>
                <key>id</key>
                <string>3577</string>
                <key>Asset</key>
                <dict>
                    <key>value</key>
                    <string>2061</string>
                </dict>
            </dict>
            <dict>
                <key>id</key>
                <string>3579</string>
                <key>Asset</key>
                <dict>
                    <key>value</key>
                    <string>2061</string>
                </dict>
            </dict>
            <dict>
                <key>id</key>
                <string>3581</string>
                <key>Asset</key>
                <dict>
                    <key>value</key>
                    <string>2061</string>
                </dict>
            </dict>
            <dict>
                <key>id</key>
                <string>3583</string>
                <key>Asset</key>
                <dict>
                    <key>value</key>
                    <string>2061</string>
                </dict>
            </dict>
            <dict>
                <key>id</key>
                <string>3585</string>
                <key>Asset</key>
                <dict>
                    <key>value</key>
                    <string>2061</string>
                </dict>
            </dict>
            <dict>
                <key>id</key>
                <string>3587</string>
                <key>Asset</key>
                <dict>
                    <key>value</key>
                    <string>2061</string>
                </dict>
            </dict>
            <dict>
                <key>id</key>
                <string>3589</string>
                <key>Asset</key>
                <dict>
                    <key>value</key>
                    <string>2061</string>
                </dict>
            </dict>
            <dict>
                <key>id</key>
                <string>3591</string>
                <key>Asset</key>
                <dict>
                    <key>value</key>
                    <string>2061</string>
                </dict>
            </dict>
            <dict>
                <key>id</key>
                <string>3593</string>
                <key>Asset</key>
                <dict>
                    <key>value</key>
                    <string>2061</string>
                </dict>
            </dict>
            <dict>
                <key>id</key>
                <string>3595</string>
                <key>Asset</key>
                <dict>
                    <key>value</key>
                    <string>2061</string>
                </dict>
            </dict>
            <dict>
                <key>id</key>
                <string>3688</string>
                <key>Asset</key>
                <dict>
                    <key>value</key>
                    <string>3680</string>
                </dict>
            </dict>
            <dict>
                <key>id</key>
                <string>3724</string>
                <key>Asset</key>
                <dict>
                    <key>value</key>
                    <string>3716</string>
                </dict>
            </dict>
            <dict>
                <key>id</key>
                <string>3735</string>
                <key>Asset</key>
                <dict>
                    <key>value</key>
                    <string>3727</string>
                </dict>
            </dict>
            <dict>
                <key>id</key>
                <string>3738</string>
                <key>Asset</key>
                <dict>
                    <key>value</key>
                    <string>3716</string>
                </dict>
            </dict>
            <dict>
                <key>id</key>
                <string>3740</string>
                <key>Asset</key>
                <dict>
                    <key>value</key>
                    <string>3716</string>
                </dict>
            </dict>
            <dict>
                <key>id</key>
                <string>3742</string>
                <key>Asset</key>
                <dict>
                    <key>value</key>
                    <string>3716</string>
                </dict>
            </dict>
            <dict>
                <key>id</key>
                <string>3744</string>
                <key>Asset</key>
                <dict>
                    <key>value</key>
                    <string>3716</string>
                </dict>
            </dict>
            <dict>
                <key>id</key>
                <string>3748</string>
                <key>Asset</key>
                <dict>
                    <key>value</key>
                    <string>3716</string>
                </dict>
            </dict>
            <dict>
                <key>id</key>
                <string>3750</string>
                <key>Asset</key>
                <dict>
                    <key>value</key>
                    <string>3716</string>
                </dict>
            </dict>
            <dict>
                <key>id</key>
                <string>3752</string>
                <key>Asset</key>
                <dict>
                    <key>value</key>
                    <string>3716</string>
                </dict>
            </dict>
            <dict>
                <key>id</key>
                <string>3754</string>
                <key>Asset</key>
                <dict>
                    <key>value</key>
                    <string>3716</string>
                </dict>
            </dict>
            <dict>
                <key>id</key>
                <string>3756</string>
                <key>Asset</key>
                <dict>
                    <key>value</key>
                    <string>3716</string>
                </dict>
            </dict>
            <dict>
                <key>id</key>
                <string>3758</string>
                <key>Asset</key>
                <dict>
                    <key>value</key>
                    <string>3716</string>
                </dict>
            </dict>
            <dict>
                <key>id</key>
                <string>3760</string>
                <key>Asset</key>
                <dict>
                    <key>value</key>
                    <string>3716</string>
                </dict>
            </dict>
            <dict>
                <key>id</key>
                <string>3762</string>
                <key>Asset</key>
                <dict>
                    <key>value</key>
                    <string>3716</string>
                </dict>
            </dict>
            <dict>
                <key>id</key>
                <string>3764</string>
                <key>Asset</key>
                <dict>
                    <key>value</key>
                    <string>3716</string>
                </dict>
            </dict>
            <dict>
                <key>id</key>
                <string>3768</string>
                <key>Asset</key>
                <dict>
                    <key>value</key>
                    <string>3716</string>
                </dict>
            </dict>
            <dict>
                <key>id</key>
                <string>3801</string>
                <key>Asset</key>
                <dict>
                    <key>value</key>
                    <string>3793</string>
                </dict>
            </dict>
            <dict>
                <key>id</key>
                <string>3839</string>
                <key>Asset</key>
                <dict>
                    <key>value</key>
                    <string>3716</string>
                </dict>
            </dict>
            <dict>
                <key>id</key>
                <string>3845</string>
                <key>Asset</key>
                <dict>
                    <key>value</key>
                    <string>3793</string>
                </dict>
            </dict>
            <dict>
                <key>id</key>
                <string>3847</string>
                <key>Asset</key>
                <dict>
                    <key>value</key>
                    <string>3793</string>
                </dict>
            </dict>
            <dict>
                <key>id</key>
                <string>3849</string>
                <key>Asset</key>
                <dict>
                    <key>value</key>
                    <string>3793</string>
                </dict>
            </dict>
            <dict>
                <key>id</key>
                <string>3851</string>
                <key>Asset</key>
                <dict>
                    <key>value</key>
                    <string>3793</string>
                </dict>
            </dict>
            <dict>
                <key>id</key>
                <string>3943</string>
                <key>Asset</key>
                <dict>
                    <key>value</key>
                    <string>3935</string>
                </dict>
                <key>components</key>
                <array>
                    <string>4209</string>
                </array>
            </dict>
            <dict>
                <key>id</key>
                <string>4221</string>
                <key>Asset</key>
                <dict>
                    <key>value</key>
                    <string>3864</string>
                </dict>
            </dict>
            <dict>
                <key>id</key>
                <string>4232</string>
                <key>Asset</key>
                <dict>
                    <key>value</key>
                    <string>3864</string>
                </dict>
            </dict>
            <dict>
                <key>id</key>
                <string>4234</string>
                <key>Asset</key>
                <dict>
                    <key>value</key>
                    <string>3864</string>
                </dict>
            </dict>
            <dict>
                <key>id</key>
                <string>4236</string>
                <key>Asset</key>
                <dict>
                    <key>value</key>
                    <string>3864</string>
                </dict>
            </dict>
            <dict>
                <key>id</key>
                <string>4238</string>
                <key>Asset</key>
                <dict>
                    <key>value</key>
                    <string>3864</string>
                </dict>
            </dict>
            <dict>
                <key>id</key>
                <string>4240</string>
                <key>Asset</key>
                <dict>
                    <key>value</key>
                    <string>3864</string>
                </dict>
            </dict>
            <dict>
                <key>id</key>
                <string>4242</string>
                <key>Asset</key>
                <dict>
                    <key>value</key>
                    <string>3864</string>
                </dict>
            </dict>
            <dict>
                <key>id</key>
                <string>4745</string>
                <key>Asset</key>
                <dict>
                    <key>value</key>
                    <string>3793</string>
                </dict>
            </dict>
            <dict>
                <key>id</key>
                <string>4747</string>
                <key>Asset</key>
                <dict>
                    <key>value</key>
                    <string>3793</string>
                </dict>
            </dict>
            <dict>
                <key>id</key>
                <string>4853</string>
                <key>Asset</key>
                <dict>
                    <key>value</key>
                    <string>2061</string>
                </dict>
            </dict>
            <dict>
                <key>id</key>
                <string>4855</string>
                <key>Asset</key>
                <dict>
                    <key>value</key>
                    <string>2061</string>
                </dict>
            </dict>
            <dict>
                <key>id</key>
                <string>4857</string>
                <key>Asset</key>
                <dict>
                    <key>value</key>
                    <string>2061</string>
                </dict>
            </dict>
            <dict>
                <key>id</key>
                <string>4966</string>
                <key>Asset</key>
                <dict>
                    <key>value</key>
                    <string>2161</string>
                </dict>
            </dict>
            <dict>
                <key>id</key>
                <string>5029</string>
                <key>Asset</key>
                <dict>
                    <key>value</key>
                    <string>3716</string>
                </dict>
            </dict>
            <dict>
                <key>id</key>
                <string>5031</string>
                <key>Asset</key>
                <dict>
                    <key>value</key>
                    <string>3716</string>
                </dict>
            </dict>
            <dict>
                <key>id</key>
                <string>5033</string>
                <key>Asset</key>
                <dict>
                    <key>value</key>
                    <string>3716</string>
                </dict>
            </dict>
            <dict>
                <key>id</key>
                <string>5035</string>
                <key>Asset</key>
                <dict>
                    <key>value</key>
                    <string>3716</string>
                </dict>
            </dict>
            <dict>
                <key>id</key>
                <string>5037</string>
                <key>Asset</key>
                <dict>
                    <key>value</key>
                    <string>3716</string>
                </dict>
            </dict>
            <dict>
                <key>id</key>
                <string>5039</string>
                <key>Asset</key>
                <dict>
                    <key>value</key>
                    <string>3716</string>
                </dict>
            </dict>
            <dict>
                <key>id</key>
                <string>5041</string>
                <key>Asset</key>
                <dict>
                    <key>value</key>
                    <string>3716</string>
                </dict>
            </dict>
            <dict>
                <key>id</key>
                <string>5043</string>
                <key>Asset</key>
                <dict>
                    <key>value</key>
                    <string>3716</string>
                </dict>
            </dict>
            <dict>
                <key>id</key>
                <string>5045</string>
                <key>Asset</key>
                <dict>
                    <key>value</key>
                    <string>3716</string>
                </dict>
            </dict>
            <dict>
                <key>id</key>
                <string>5047</string>
                <key>Asset</key>
                <dict>
                    <key>value</key>
                    <string>3716</string>
                </dict>
            </dict>
            <dict>
                <key>id</key>
                <string>5116</string>
                <key>Asset</key>
                <dict>
                    <key>value</key>
                    <string>1738</string>
                </dict>
            </dict>
            <dict>
                <key>id</key>
                <string>5139</string>
                <key>Asset</key>
                <dict>
                    <key>value</key>
                    <string>1738</string>
                </dict>
            </dict>
            <dict>
                <key>id</key>
                <string>5141</string>
                <key>Asset</key>
                <dict>
                    <key>value</key>
                    <string>1738</string>
                </dict>
            </dict>
            <dict>
                <key>id</key>
                <string>5143</string>
                <key>Asset</key>
                <dict>
                    <key>value</key>
                    <string>1738</string>
                </dict>
            </dict>
            <dict>
                <key>id</key>
                <string>5145</string>
                <key>Asset</key>
                <dict>
                    <key>value</key>
                    <string>1738</string>
                </dict>
            </dict>
            <dict>
                <key>id</key>
                <string>5147</string>
                <key>Asset</key>
                <dict>
                    <key>value</key>
                    <string>1738</string>
                </dict>
            </dict>
            <dict>
                <key>id</key>
                <string>5149</string>
                <key>Asset</key>
                <dict>
                    <key>value</key>
                    <string>1738</string>
                </dict>
            </dict>
            <dict>
                <key>id</key>
                <string>5151</string>
                <key>Asset</key>
                <dict>
                    <key>value</key>
                    <string>1738</string>
                </dict>
            </dict>
            <dict>
                <key>id</key>
                <string>5357</string>
                <key>Asset</key>
                <dict>
                    <key>value</key>
                    <string>2061</string>
                </dict>
            </dict>
            <dict>
                <key>id</key>
                <string>5359</string>
                <key>Asset</key>
                <dict>
                    <key>value</key>
                    <string>2061</string>
                </dict>
            </dict>
            <dict>
                <key>id</key>
                <string>5361</string>
                <key>Asset</key>
                <dict>
                    <key>value</key>
                    <string>2061</string>
                </dict>
            </dict>
            <dict>
                <key>id</key>
                <string>5363</string>
                <key>Asset</key>
                <dict>
                    <key>value</key>
                    <string>2061</string>
                </dict>
            </dict>
            <dict>
                <key>id</key>
                <string>5365</string>
                <key>Asset</key>
                <dict>
                    <key>value</key>
                    <string>2061</string>
                </dict>
            </dict>
            <dict>
                <key>id</key>
                <string>5367</string>
                <key>Asset</key>
                <dict>
                    <key>value</key>
                    <string>2061</string>
                </dict>
            </dict>
            <dict>
                <key>id</key>
                <string>5369</string>
                <key>Asset</key>
                <dict>
                    <key>value</key>
                    <string>2061</string>
                </dict>
            </dict>
            <dict>
                <key>id</key>
                <string>5371</string>
                <key>Asset</key>
                <dict>
                    <key>value</key>
                    <string>2061</string>
                </dict>
            </dict>
            <dict>
                <key>id</key>
                <string>5373</string>
                <key>Asset</key>
                <dict>
                    <key>value</key>
                    <string>2061</string>
                </dict>
            </dict>
            <dict>
                <key>id</key>
                <string>5376</string>
                <key>Asset</key>
                <dict>
                    <key>value</key>
                    <string>2497</string>
                </dict>
            </dict>
            <dict>
                <key>id</key>
                <string>5379</string>
                <key>Asset</key>
                <dict>
                    <key>value</key>
                    <string>2161</string>
                </dict>
            </dict>
            <dict>
                <key>id</key>
                <string>5392</string>
                <key>Asset</key>
                <dict>
                    <key>value</key>
                    <string>3716</string>
                </dict>
            </dict>
            <dict>
                <key>id</key>
                <string>5394</string>
                <key>Asset</key>
                <dict>
                    <key>value</key>
                    <string>3716</string>
                </dict>
            </dict>
            <dict>
                <key>id</key>
                <string>5396</string>
                <key>Asset</key>
                <dict>
                    <key>value</key>
                    <string>3716</string>
                </dict>
            </dict>
            <dict>
                <key>id</key>
                <string>5398</string>
                <key>Asset</key>
                <dict>
                    <key>value</key>
                    <string>3716</string>
                </dict>
            </dict>
            <dict>
                <key>id</key>
                <string>5400</string>
                <key>Asset</key>
                <dict>
                    <key>value</key>
                    <string>3716</string>
                </dict>
            </dict>
            <dict>
                <key>id</key>
                <string>5402</string>
                <key>Asset</key>
                <dict>
                    <key>value</key>
                    <string>3716</string>
                </dict>
            </dict>
            <dict>
                <key>id</key>
                <string>5404</string>
                <key>Asset</key>
                <dict>
                    <key>value</key>
                    <string>3716</string>
                </dict>
            </dict>
            <dict>
                <key>id</key>
                <string>5406</string>
                <key>Asset</key>
                <dict>
                    <key>value</key>
                    <string>3716</string>
                </dict>
            </dict>
            <dict>
                <key>id</key>
                <string>5408</string>
                <key>Asset</key>
                <dict>
                    <key>value</key>
                    <string>3716</string>
                </dict>
            </dict>
            <dict>
                <key>id</key>
                <string>5410</string>
                <key>Asset</key>
                <dict>
                    <key>value</key>
                    <string>3716</string>
                </dict>
            </dict>
            <dict>
                <key>id</key>
                <string>5412</string>
                <key>Asset</key>
                <dict>
                    <key>value</key>
                    <string>3716</string>
                </dict>
            </dict>
            <dict>
                <key>id</key>
                <string>5469</string>
                <key>Asset</key>
                <dict>
                    <key>value</key>
                    <string>2161</string>
                </dict>
            </dict>
            <dict>
                <key>id</key>
                <string>5471</string>
                <key>Asset</key>
                <dict>
                    <key>value</key>
                    <string>2161</string>
                </dict>
            </dict>
            <dict>
                <key>id</key>
                <string>5473</string>
                <key>Asset</key>
                <dict>
                    <key>value</key>
                    <string>2161</string>
                </dict>
            </dict>
            <dict>
                <key>id</key>
                <string>5475</string>
                <key>Asset</key>
                <dict>
                    <key>value</key>
                    <string>2161</string>
                </dict>
            </dict>
            <dict>
                <key>id</key>
                <string>5477</string>
                <key>Asset</key>
                <dict>
                    <key>value</key>
                    <string>2161</string>
                </dict>
            </dict>
            <dict>
                <key>id</key>
                <string>5479</string>
                <key>Asset</key>
                <dict>
                    <key>value</key>
                    <string>2161</string>
                </dict>
            </dict>
            <dict>
                <key>id</key>
                <string>5481</string>
                <key>Asset</key>
                <dict>
                    <key>value</key>
                    <string>2161</string>
                </dict>
            </dict>
            <dict>
                <key>id</key>
                <string>5483</string>
                <key>Asset</key>
                <dict>
                    <key>value</key>
                    <string>2161</string>
                </dict>
            </dict>
            <dict>
                <key>id</key>
                <string>5485</string>
                <key>Asset</key>
                <dict>
                    <key>value</key>
                    <string>2161</string>
                </dict>
            </dict>
            <dict>
                <key>id</key>
                <string>5487</string>
                <key>Asset</key>
                <dict>
                    <key>value</key>
                    <string>2161</string>
                </dict>
            </dict>
            <dict>
                <key>id</key>
                <string>5489</string>
                <key>Asset</key>
                <dict>
                    <key>value</key>
                    <string>2161</string>
                </dict>
            </dict>
            <dict>
                <key>id</key>
                <string>5491</string>
                <key>Asset</key>
                <dict>
                    <key>value</key>
                    <string>2161</string>
                </dict>
            </dict>
            <dict>
                <key>id</key>
                <string>5493</string>
                <key>Asset</key>
                <dict>
                    <key>value</key>
                    <string>2161</string>
                </dict>
            </dict>
            <dict>
                <key>id</key>
                <string>5495</string>
                <key>Asset</key>
                <dict>
                    <key>value</key>
                    <string>2161</string>
                </dict>
            </dict>
            <dict>
                <key>id</key>
                <string>5497</string>
                <key>Asset</key>
                <dict>
                    <key>value</key>
                    <string>2161</string>
                </dict>
                <key>components</key>
                <array>
                    <string>5498</string>
                </array>
            </dict>
            <dict>
                <key>id</key>
                <string>5528</string>
                <key>Asset</key>
                <dict>
                    <key>value</key>
                    <string>2161</string>
                </dict>
                <key>components</key>
                <array>
                    <string>5529</string>
                </array>
            </dict>
            <dict>
                <key>id</key>
                <string>5532</string>
                <key>Asset</key>
                <dict>
                    <key>value</key>
                    <string>2161</string>
                </dict>
                <key>components</key>
                <array>
                    <string>5533</string>
                </array>
            </dict>
            <dict>
                <key>id</key>
                <string>5536</string>
                <key>Asset</key>
                <dict>
                    <key>value</key>
                    <string>2161</string>
                </dict>
                <key>components</key>
                <array>
                    <string>5537</string>
                </array>
            </dict>
            <dict>
                <key>id</key>
                <string>5540</string>
                <key>Asset</key>
                <dict>
                    <key>value</key>
                    <string>2161</string>
                </dict>
                <key>components</key>
                <array>
                    <string>5541</string>
                </array>
            </dict>
            <dict>
                <key>id</key>
                <string>5544</string>
                <key>Asset</key>
                <dict>
                    <key>value</key>
                    <string>2161</string>
                </dict>
                <key>components</key>
                <array>
                    <string>5545</string>
                </array>
            </dict>
            <dict>
                <key>id</key>
                <string>5548</string>
                <key>Asset</key>
                <dict>
                    <key>value</key>
                    <string>2161</string>
                </dict>
                <key>components</key>
                <array>
                    <string>5549</string>
                </array>
            </dict>
            <dict>
                <key>id</key>
                <string>5552</string>
                <key>Asset</key>
                <dict>
                    <key>value</key>
                    <string>2161</string>
                </dict>
                <key>components</key>
                <array>
                    <string>5553</string>
                </array>
            </dict>
            <dict>
                <key>id</key>
                <string>5556</string>
                <key>Asset</key>
                <dict>
                    <key>value</key>
                    <string>2161</string>
                </dict>
                <key>components</key>
                <array>
                    <string>5557</string>
                </array>
            </dict>
            <dict>
                <key>id</key>
                <string>5560</string>
                <key>Asset</key>
                <dict>
                    <key>value</key>
                    <string>2161</string>
                </dict>
                <key>components</key>
                <array>
                    <string>5561</string>
                </array>
            </dict>
            <dict>
                <key>id</key>
                <string>5564</string>
                <key>Asset</key>
                <dict>
                    <key>value</key>
                    <string>2161</string>
                </dict>
                <key>components</key>
                <array>
                    <string>5565</string>
                </array>
            </dict>
            <dict>
                <key>id</key>
                <string>5568</string>
                <key>Asset</key>
                <dict>
                    <key>value</key>
                    <string>2161</string>
                </dict>
                <key>components</key>
                <array>
                    <string>5569</string>
                </array>
            </dict>
            <dict>
                <key>id</key>
                <string>5572</string>
                <key>Asset</key>
                <dict>
                    <key>value</key>
                    <string>2161</string>
                </dict>
                <key>components</key>
                <array>
                    <string>5573</string>
                </array>
            </dict>
            <dict>
                <key>id</key>
                <string>5576</string>
                <key>Asset</key>
                <dict>
                    <key>value</key>
                    <string>2161</string>
                </dict>
                <key>components</key>
                <array>
                    <string>5577</string>
                </array>
            </dict>
            <dict>
                <key>id</key>
                <string>5580</string>
                <key>Asset</key>
                <dict>
                    <key>value</key>
                    <string>2161</string>
                </dict>
                <key>components</key>
                <array>
                    <string>5581</string>
                </array>
            </dict>
            <dict>
                <key>id</key>
                <string>5584</string>
                <key>Asset</key>
                <dict>
                    <key>value</key>
                    <string>2161</string>
                </dict>
                <key>components</key>
                <array>
                    <string>5585</string>
                </array>
            </dict>
            <dict>
                <key>id</key>
                <string>5588</string>
                <key>Asset</key>
                <dict>
                    <key>value</key>
                    <string>2161</string>
                </dict>
                <key>components</key>
                <array>
                    <string>5589</string>
                </array>
            </dict>
            <dict>
                <key>id</key>
                <string>5592</string>
                <key>Asset</key>
                <dict>
                    <key>value</key>
                    <string>2161</string>
                </dict>
                <key>components</key>
                <array>
                    <string>5593</string>
                </array>
            </dict>
            <dict>
                <key>id</key>
                <string>5596</string>
                <key>Asset</key>
                <dict>
                    <key>value</key>
                    <string>2161</string>
                </dict>
                <key>components</key>
                <array>
                    <string>5597</string>
                </array>
            </dict>
            <dict>
                <key>id</key>
                <string>5600</string>
                <key>Asset</key>
                <dict>
                    <key>value</key>
                    <string>2161</string>
                </dict>
                <key>components</key>
                <array>
                    <string>5601</string>
                </array>
            </dict>
            <dict>
                <key>id</key>
                <string>5604</string>
                <key>Asset</key>
                <dict>
                    <key>value</key>
                    <string>2161</string>
                </dict>
                <key>components</key>
                <array>
                    <string>5605</string>
                </array>
            </dict>
            <dict>
                <key>id</key>
                <string>5608</string>
                <key>Asset</key>
                <dict>
                    <key>value</key>
                    <string>2161</string>
                </dict>
                <key>components</key>
                <array>
                    <string>5609</string>
                </array>
            </dict>
            <dict>
                <key>id</key>
                <string>5612</string>
                <key>Asset</key>
                <dict>
                    <key>value</key>
                    <string>2161</string>
                </dict>
                <key>components</key>
                <array>
                    <string>5613</string>
                </array>
            </dict>
            <dict>
                <key>id</key>
                <string>5616</string>
                <key>Asset</key>
                <dict>
                    <key>value</key>
                    <string>2161</string>
                </dict>
                <key>components</key>
                <array>
                    <string>5617</string>
                </array>
            </dict>
            <dict>
                <key>id</key>
                <string>5620</string>
                <key>Asset</key>
                <dict>
                    <key>value</key>
                    <string>2161</string>
                </dict>
                <key>components</key>
                <array>
                    <string>5621</string>
                </array>
            </dict>
            <dict>
                <key>id</key>
                <string>5624</string>
                <key>Asset</key>
                <dict>
                    <key>value</key>
                    <string>2161</string>
                </dict>
                <key>components</key>
                <array>
                    <string>5625</string>
                </array>
            </dict>
            <dict>
                <key>id</key>
                <string>5628</string>
                <key>Asset</key>
                <dict>
                    <key>value</key>
                    <string>2161</string>
                </dict>
                <key>components</key>
                <array>
                    <string>5629</string>
                </array>
            </dict>
            <dict>
                <key>id</key>
                <string>5632</string>
                <key>Asset</key>
                <dict>
                    <key>value</key>
                    <string>2161</string>
                </dict>
                <key>components</key>
                <array>
                    <string>5633</string>
                </array>
            </dict>
            <dict>
                <key>id</key>
                <string>5636</string>
                <key>Asset</key>
                <dict>
                    <key>value</key>
                    <string>2161</string>
                </dict>
                <key>components</key>
                <array>
                    <string>5637</string>
                </array>
            </dict>
            <dict>
                <key>id</key>
                <string>5640</string>
                <key>Asset</key>
                <dict>
                    <key>value</key>
                    <string>2161</string>
                </dict>
                <key>components</key>
                <array>
                    <string>5641</string>
                </array>
            </dict>
            <dict>
                <key>id</key>
                <string>5644</string>
                <key>Asset</key>
                <dict>
                    <key>value</key>
                    <string>2161</string>
                </dict>
                <key>components</key>
                <array>
                    <string>5645</string>
                </array>
            </dict>
            <dict>
                <key>id</key>
                <string>5648</string>
                <key>Asset</key>
                <dict>
                    <key>value</key>
                    <string>2161</string>
                </dict>
                <key>components</key>
                <array>
                    <string>5649</string>
                </array>
            </dict>
            <dict>
                <key>id</key>
                <string>5652</string>
                <key>Asset</key>
                <dict>
                    <key>value</key>
                    <string>2161</string>
                </dict>
                <key>components</key>
                <array>
                    <string>5653</string>
                </array>
            </dict>
            <dict>
                <key>id</key>
                <string>5656</string>
                <key>Asset</key>
                <dict>
                    <key>value</key>
                    <string>2161</string>
                </dict>
                <key>components</key>
                <array>
                    <string>5657</string>
                </array>
            </dict>
            <dict>
                <key>id</key>
                <string>5660</string>
                <key>Asset</key>
                <dict>
                    <key>value</key>
                    <string>2161</string>
                </dict>
                <key>components</key>
                <array>
                    <string>5661</string>
                </array>
            </dict>
            <dict>
                <key>id</key>
                <string>5664</string>
                <key>Asset</key>
                <dict>
                    <key>value</key>
                    <string>2161</string>
                </dict>
                <key>components</key>
                <array>
                    <string>5665</string>
                </array>
            </dict>
            <dict>
                <key>id</key>
                <string>5668</string>
                <key>Asset</key>
                <dict>
                    <key>value</key>
                    <string>2161</string>
                </dict>
                <key>components</key>
                <array>
                    <string>5669</string>
                </array>
            </dict>
            <dict>
                <key>id</key>
                <string>5672</string>
                <key>Asset</key>
                <dict>
                    <key>value</key>
                    <string>2161</string>
                </dict>
                <key>components</key>
                <array>
                    <string>5673</string>
                </array>
            </dict>
            <dict>
                <key>id</key>
                <string>5676</string>
                <key>Asset</key>
                <dict>
                    <key>value</key>
                    <string>2161</string>
                </dict>
                <key>components</key>
                <array>
                    <string>5677</string>
                </array>
            </dict>
            <dict>
                <key>id</key>
                <string>5680</string>
                <key>Asset</key>
                <dict>
                    <key>value</key>
                    <string>2161</string>
                </dict>
                <key>components</key>
                <array>
                    <string>5681</string>
                </array>
            </dict>
            <dict>
                <key>id</key>
                <string>5684</string>
                <key>Asset</key>
                <dict>
                    <key>value</key>
                    <string>2161</string>
                </dict>
                <key>components</key>
                <array>
                    <string>5685</string>
                </array>
            </dict>
            <dict>
                <key>id</key>
                <string>5688</string>
                <key>Asset</key>
                <dict>
                    <key>value</key>
                    <string>2161</string>
                </dict>
                <key>components</key>
                <array>
                    <string>5689</string>
                </array>
            </dict>
            <dict>
                <key>id</key>
                <string>5692</string>
                <key>Asset</key>
                <dict>
                    <key>value</key>
                    <string>2161</string>
                </dict>
                <key>components</key>
                <array>
                    <string>5693</string>
                </array>
            </dict>
            <dict>
                <key>id</key>
                <string>5696</string>
                <key>Asset</key>
                <dict>
                    <key>value</key>
                    <string>2161</string>
                </dict>
                <key>components</key>
                <array>
                    <string>5697</string>
                </array>
            </dict>
            <dict>
                <key>id</key>
                <string>5700</string>
                <key>Asset</key>
                <dict>
                    <key>value</key>
                    <string>2161</string>
                </dict>
                <key>components</key>
                <array>
                    <string>5701</string>
                </array>
            </dict>
            <dict>
                <key>id</key>
                <string>5704</string>
                <key>Asset</key>
                <dict>
                    <key>value</key>
                    <string>2161</string>
                </dict>
                <key>components</key>
                <array>
                    <string>5705</string>
                </array>
            </dict>
            <dict>
                <key>id</key>
                <string>5717</string>
                <key>Asset</key>
                <dict>
                    <key>value</key>
                    <string>2161</string>
                </dict>
                <key>components</key>
                <array>
                    <string>5718</string>
                </array>
            </dict>
            <dict>
                <key>id</key>
                <string>5721</string>
                <key>Asset</key>
                <dict>
                    <key>value</key>
                    <string>2161</string>
                </dict>
                <key>components</key>
                <array>
                    <string>5722</string>
                </array>
            </dict>
            <dict>
                <key>id</key>
                <string>5725</string>
                <key>Asset</key>
                <dict>
                    <key>value</key>
                    <string>2161</string>
                </dict>
                <key>components</key>
                <array>
                    <string>5726</string>
                </array>
            </dict>
            <dict>
                <key>id</key>
                <string>5729</string>
                <key>Asset</key>
                <dict>
                    <key>value</key>
                    <string>2161</string>
                </dict>
                <key>components</key>
                <array>
                    <string>5730</string>
                </array>
            </dict>
            <dict>
                <key>id</key>
                <string>5733</string>
                <key>Asset</key>
                <dict>
                    <key>value</key>
                    <string>2161</string>
                </dict>
                <key>components</key>
                <array>
                    <string>5734</string>
                </array>
            </dict>
            <dict>
                <key>id</key>
                <string>5737</string>
                <key>Asset</key>
                <dict>
                    <key>value</key>
                    <string>2161</string>
                </dict>
                <key>components</key>
                <array>
                    <string>5738</string>
                </array>
            </dict>
            <dict>
                <key>id</key>
                <string>5741</string>
                <key>Asset</key>
                <dict>
                    <key>value</key>
                    <string>2161</string>
                </dict>
                <key>components</key>
                <array>
                    <string>5742</string>
                </array>
            </dict>
            <dict>
                <key>id</key>
                <string>5745</string>
                <key>Asset</key>
                <dict>
                    <key>value</key>
                    <string>2161</string>
                </dict>
                <key>components</key>
                <array>
                    <string>5746</string>
                </array>
            </dict>
            <dict>
                <key>id</key>
                <string>5749</string>
                <key>Asset</key>
                <dict>
                    <key>value</key>
                    <string>2161</string>
                </dict>
                <key>components</key>
                <array>
                    <string>5750</string>
                </array>
            </dict>
            <dict>
                <key>id</key>
                <string>5753</string>
                <key>Asset</key>
                <dict>
                    <key>value</key>
                    <string>2161</string>
                </dict>
                <key>components</key>
                <array>
                    <string>5754</string>
                </array>
            </dict>
            <dict>
                <key>id</key>
                <string>5757</string>
                <key>Asset</key>
                <dict>
                    <key>value</key>
                    <string>2161</string>
                </dict>
                <key>components</key>
                <array>
                    <string>5758</string>
                </array>
            </dict>
            <dict>
                <key>id</key>
                <string>5761</string>
                <key>Asset</key>
                <dict>
                    <key>value</key>
                    <string>2161</string>
                </dict>
                <key>components</key>
                <array>
                    <string>5762</string>
                </array>
            </dict>
            <dict>
                <key>id</key>
                <string>5765</string>
                <key>Asset</key>
                <dict>
                    <key>value</key>
                    <string>2161</string>
                </dict>
                <key>components</key>
                <array>
                    <string>5766</string>
                </array>
            </dict>
            <dict>
                <key>id</key>
                <string>5769</string>
                <key>Asset</key>
                <dict>
                    <key>value</key>
                    <string>2161</string>
                </dict>
                <key>components</key>
                <array>
                    <string>5770</string>
                </array>
            </dict>
            <dict>
                <key>id</key>
                <string>5773</string>
                <key>Asset</key>
                <dict>
                    <key>value</key>
                    <string>2161</string>
                </dict>
                <key>components</key>
                <array>
                    <string>5774</string>
                </array>
            </dict>
            <dict>
                <key>id</key>
                <string>5931</string>
                <key>Asset</key>
                <dict>
                    <key>value</key>
                    <string>3716</string>
                </dict>
            </dict>
            <dict>
                <key>id</key>
                <string>5933</string>
                <key>Asset</key>
                <dict>
                    <key>value</key>
                    <string>3716</string>
                </dict>
            </dict>
            <dict>
                <key>id</key>
                <string>5936</string>
                <key>Asset</key>
                <dict>
                    <key>value</key>
                    <string>3793</string>
                </dict>
            </dict>
            <dict>
                <key>id</key>
                <string>5938</string>
                <key>Asset</key>
                <dict>
                    <key>value</key>
                    <string>3793</string>
                </dict>
            </dict>
            <dict>
                <key>id</key>
                <string>5940</string>
                <key>Asset</key>
                <dict>
                    <key>value</key>
                    <string>3793</string>
                </dict>
            </dict>
            <dict>
                <key>id</key>
                <string>5942</string>
                <key>Asset</key>
                <dict>
                    <key>value</key>
                    <string>3793</string>
                </dict>
            </dict>
            <dict>
                <key>id</key>
                <string>5944</string>
                <key>Asset</key>
                <dict>
                    <key>value</key>
                    <string>3793</string>
                </dict>
            </dict>
            <dict>
                <key>id</key>
                <string>5946</string>
                <key>Asset</key>
                <dict>
                    <key>value</key>
                    <string>3793</string>
                </dict>
            </dict>
            <dict>
                <key>id</key>
                <string>5948</string>
                <key>Asset</key>
                <dict>
                    <key>value</key>
                    <string>3793</string>
                </dict>
            </dict>
            <dict>
                <key>id</key>
                <string>5950</string>
                <key>Asset</key>
                <dict>
                    <key>value</key>
                    <string>3793</string>
                </dict>
            </dict>
            <dict>
                <key>id</key>
                <string>5953</string>
                <key>Asset</key>
                <dict>
                    <key>value</key>
                    <string>3716</string>
                </dict>
            </dict>
            <dict>
                <key>id</key>
                <string>5956</string>
                <key>Asset</key>
                <dict>
                    <key>value</key>
                    <string>4860</string>
                </dict>
                <key>components</key>
                <array>
                    <string>5957</string>
                </array>
            </dict>
            <dict>
                <key>id</key>
                <string>6425</string>
                <key>Asset</key>
                <dict>
                    <key>value</key>
                    <string>3716</string>
                </dict>
            </dict>
            <dict>
                <key>id</key>
                <string>6427</string>
                <key>Asset</key>
                <dict>
                    <key>value</key>
                    <string>3716</string>
                </dict>
            </dict>
            <dict>
                <key>id</key>
                <string>6429</string>
                <key>Asset</key>
                <dict>
                    <key>value</key>
                    <string>3716</string>
                </dict>
            </dict>
            <dict>
                <key>id</key>
                <string>6431</string>
                <key>Asset</key>
                <dict>
                    <key>value</key>
                    <string>3716</string>
                </dict>
            </dict>
            <dict>
                <key>id</key>
                <string>6433</string>
                <key>Asset</key>
                <dict>
                    <key>value</key>
                    <string>3716</string>
                </dict>
            </dict>
            <dict>
                <key>id</key>
                <string>6435</string>
                <key>Asset</key>
                <dict>
                    <key>value</key>
                    <string>3716</string>
                </dict>
            </dict>
            <dict>
                <key>id</key>
                <string>6437</string>
                <key>Asset</key>
                <dict>
                    <key>value</key>
                    <string>3716</string>
                </dict>
            </dict>
            <dict>
                <key>id</key>
                <string>6439</string>
                <key>Asset</key>
                <dict>
                    <key>value</key>
                    <string>3716</string>
                </dict>
            </dict>
            <dict>
                <key>id</key>
                <string>6443</string>
                <key>Asset</key>
                <dict>
                    <key>value</key>
                    <string>3716</string>
                </dict>
            </dict>
            <dict>
                <key>id</key>
                <string>6445</string>
                <key>Asset</key>
                <dict>
                    <key>value</key>
                    <string>3716</string>
                </dict>
            </dict>
            <dict>
                <key>id</key>
                <string>6447</string>
                <key>Asset</key>
                <dict>
                    <key>value</key>
                    <string>3716</string>
                </dict>
            </dict>
            <dict>
                <key>id</key>
                <string>6449</string>
                <key>Asset</key>
                <dict>
                    <key>value</key>
                    <string>3716</string>
                </dict>
            </dict>
            <dict>
                <key>id</key>
                <string>6451</string>
                <key>Asset</key>
                <dict>
                    <key>value</key>
                    <string>3716</string>
                </dict>
            </dict>
            <dict>
                <key>id</key>
                <string>6453</string>
                <key>Asset</key>
                <dict>
                    <key>value</key>
                    <string>3716</string>
                </dict>
            </dict>
            <dict>
                <key>id</key>
                <string>6455</string>
                <key>Asset</key>
                <dict>
                    <key>value</key>
                    <string>3716</string>
                </dict>
            </dict>
            <dict>
                <key>id</key>
                <string>6457</string>
                <key>Asset</key>
                <dict>
                    <key>value</key>
                    <string>3716</string>
                </dict>
            </dict>
            <dict>
                <key>id</key>
                <string>6461</string>
                <key>Asset</key>
                <dict>
                    <key>value</key>
                    <string>3716</string>
                </dict>
            </dict>
            <dict>
                <key>id</key>
                <string>6463</string>
                <key>Asset</key>
                <dict>
                    <key>value</key>
                    <string>3716</string>
                </dict>
            </dict>
            <dict>
                <key>id</key>
                <string>6465</string>
                <key>Asset</key>
                <dict>
                    <key>value</key>
                    <string>3716</string>
                </dict>
            </dict>
            <dict>
                <key>id</key>
                <string>6467</string>
                <key>Asset</key>
                <dict>
                    <key>value</key>
                    <string>3716</string>
                </dict>
            </dict>
            <dict>
                <key>id</key>
                <string>6469</string>
                <key>Asset</key>
                <dict>
                    <key>value</key>
                    <string>3716</string>
                </dict>
            </dict>
            <dict>
                <key>id</key>
                <string>6471</string>
                <key>Asset</key>
                <dict>
                    <key>value</key>
                    <string>3716</string>
                </dict>
            </dict>
            <dict>
                <key>id</key>
                <string>6473</string>
                <key>Asset</key>
                <dict>
                    <key>value</key>
                    <string>3716</string>
                </dict>
            </dict>
            <dict>
                <key>id</key>
                <string>6477</string>
                <key>Asset</key>
                <dict>
                    <key>value</key>
                    <string>3716</string>
                </dict>
            </dict>
            <dict>
                <key>id</key>
                <string>6479</string>
                <key>Asset</key>
                <dict>
                    <key>value</key>
                    <string>3716</string>
                </dict>
            </dict>
            <dict>
                <key>id</key>
                <string>6481</string>
                <key>Asset</key>
                <dict>
                    <key>value</key>
                    <string>3716</string>
                </dict>
            </dict>
            <dict>
                <key>id</key>
                <string>6483</string>
                <key>Asset</key>
                <dict>
                    <key>value</key>
                    <string>3716</string>
                </dict>
            </dict>
            <dict>
                <key>id</key>
                <string>6485</string>
                <key>Asset</key>
                <dict>
                    <key>value</key>
                    <string>3716</string>
                </dict>
            </dict>
            <dict>
                <key>id</key>
                <string>6487</string>
                <key>Asset</key>
                <dict>
                    <key>value</key>
                    <string>3716</string>
                </dict>
            </dict>
            <dict>
                <key>id</key>
                <string>6489</string>
                <key>Asset</key>
                <dict>
                    <key>value</key>
                    <string>3716</string>
                </dict>
            </dict>
            <dict>
                <key>id</key>
                <string>6491</string>
                <key>Asset</key>
                <dict>
                    <key>value</key>
                    <string>3716</string>
                </dict>
            </dict>
            <dict>
                <key>id</key>
                <string>6493</string>
                <key>Asset</key>
                <dict>
                    <key>value</key>
                    <string>3716</string>
                </dict>
            </dict>
            <dict>
                <key>id</key>
                <string>6497</string>
                <key>Asset</key>
                <dict>
                    <key>value</key>
                    <string>3716</string>
                </dict>
            </dict>
            <dict>
                <key>id</key>
                <string>6499</string>
                <key>Asset</key>
                <dict>
                    <key>value</key>
                    <string>3716</string>
                </dict>
            </dict>
            <dict>
                <key>id</key>
                <string>6501</string>
                <key>Asset</key>
                <dict>
                    <key>value</key>
                    <string>3716</string>
                </dict>
            </dict>
            <dict>
                <key>id</key>
                <string>6503</string>
                <key>Asset</key>
                <dict>
                    <key>value</key>
                    <string>3716</string>
                </dict>
            </dict>
            <dict>
                <key>id</key>
                <string>6505</string>
                <key>Asset</key>
                <dict>
                    <key>value</key>
                    <string>3716</string>
                </dict>
            </dict>
            <dict>
                <key>id</key>
                <string>6507</string>
                <key>Asset</key>
                <dict>
                    <key>value</key>
                    <string>3716</string>
                </dict>
            </dict>
            <dict>
                <key>id</key>
                <string>6509</string>
                <key>Asset</key>
                <dict>
                    <key>value</key>
                    <string>3716</string>
                </dict>
            </dict>
            <dict>
                <key>id</key>
                <string>6511</string>
                <key>Asset</key>
                <dict>
                    <key>value</key>
                    <string>3716</string>
                </dict>
            </dict>
            <dict>
                <key>id</key>
                <string>6515</string>
                <key>Asset</key>
                <dict>
                    <key>value</key>
                    <string>3716</string>
                </dict>
            </dict>
            <dict>
                <key>id</key>
                <string>6517</string>
                <key>Asset</key>
                <dict>
                    <key>value</key>
                    <string>3716</string>
                </dict>
            </dict>
            <dict>
                <key>id</key>
                <string>6519</string>
                <key>Asset</key>
                <dict>
                    <key>value</key>
                    <string>3716</string>
                </dict>
            </dict>
            <dict>
                <key>id</key>
                <string>6521</string>
                <key>Asset</key>
                <dict>
                    <key>value</key>
                    <string>3716</string>
                </dict>
            </dict>
            <dict>
                <key>id</key>
                <string>6523</string>
                <key>Asset</key>
                <dict>
                    <key>value</key>
                    <string>3716</string>
                </dict>
            </dict>
            <dict>
                <key>id</key>
                <string>6525</string>
                <key>Asset</key>
                <dict>
                    <key>value</key>
                    <string>3716</string>
                </dict>
            </dict>
            <dict>
                <key>id</key>
                <string>6527</string>
                <key>Asset</key>
                <dict>
                    <key>value</key>
                    <string>3716</string>
                </dict>
            </dict>
            <dict>
                <key>id</key>
                <string>6529</string>
                <key>Asset</key>
                <dict>
                    <key>value</key>
                    <string>3716</string>
                </dict>
            </dict>
            <dict>
                <key>id</key>
                <string>6531</string>
                <key>Asset</key>
                <dict>
                    <key>value</key>
                    <string>3716</string>
                </dict>
            </dict>
            <dict>
                <key>id</key>
                <string>6581</string>
                <key>Asset</key>
                <dict>
                    <key>value</key>
                    <string>2161</string>
                </dict>
            </dict>
            <dict>
                <key>id</key>
                <string>6619</string>
                <key>Asset</key>
                <dict>
                    <key>value</key>
                    <string>2161</string>
                </dict>
            </dict>
            <dict>
                <key>id</key>
                <string>6621</string>
                <key>Asset</key>
                <dict>
                    <key>value</key>
                    <string>2161</string>
                </dict>
            </dict>
            <dict>
                <key>id</key>
                <string>6623</string>
                <key>Asset</key>
                <dict>
                    <key>value</key>
                    <string>2161</string>
                </dict>
            </dict>
            <dict>
                <key>id</key>
                <string>6625</string>
                <key>Asset</key>
                <dict>
                    <key>value</key>
                    <string>2161</string>
                </dict>
            </dict>
            <dict>
                <key>id</key>
                <string>6627</string>
                <key>Asset</key>
                <dict>
                    <key>value</key>
                    <string>2161</string>
                </dict>
            </dict>
            <dict>
                <key>id</key>
                <string>6629</string>
                <key>Asset</key>
                <dict>
                    <key>value</key>
                    <string>2161</string>
                </dict>
            </dict>
            <dict>
                <key>id</key>
                <string>6631</string>
                <key>Asset</key>
                <dict>
                    <key>value</key>
                    <string>2161</string>
                </dict>
            </dict>
            <dict>
                <key>id</key>
                <string>6633</string>
                <key>Asset</key>
                <dict>
                    <key>value</key>
                    <string>2161</string>
                </dict>
            </dict>
            <dict>
                <key>id</key>
                <string>6644</string>
                <key>Asset</key>
                <dict>
                    <key>value</key>
                    <string>2161</string>
                </dict>
            </dict>
            <dict>
                <key>id</key>
                <string>6646</string>
                <key>Asset</key>
                <dict>
                    <key>value</key>
                    <string>2161</string>
                </dict>
            </dict>
            <dict>
                <key>id</key>
                <string>6648</string>
                <key>Asset</key>
                <dict>
                    <key>value</key>
                    <string>2161</string>
                </dict>
            </dict>
            <dict>
                <key>id</key>
                <string>6650</string>
                <key>Asset</key>
                <dict>
                    <key>value</key>
                    <string>2161</string>
                </dict>
            </dict>
            <dict>
                <key>id</key>
                <string>6664</string>
                <key>Asset</key>
                <dict>
                    <key>value</key>
                    <string>2161</string>
                </dict>
            </dict>
            <dict>
                <key>id</key>
                <string>6666</string>
                <key>Asset</key>
                <dict>
                    <key>value</key>
                    <string>2161</string>
                </dict>
            </dict>
            <dict>
                <key>id</key>
                <string>6668</string>
                <key>Asset</key>
                <dict>
                    <key>value</key>
                    <string>2161</string>
                </dict>
            </dict>
            <dict>
                <key>id</key>
                <string>6670</string>
                <key>Asset</key>
                <dict>
                    <key>value</key>
                    <string>2161</string>
                </dict>
            </dict>
            <dict>
                <key>id</key>
                <string>6672</string>
                <key>Asset</key>
                <dict>
                    <key>value</key>
                    <string>2161</string>
                </dict>
            </dict>
            <dict>
                <key>id</key>
                <string>6674</string>
                <key>Asset</key>
                <dict>
                    <key>value</key>
                    <string>2161</string>
                </dict>
            </dict>
            <dict>
                <key>id</key>
                <string>6676</string>
                <key>Asset</key>
                <dict>
                    <key>value</key>
                    <string>2161</string>
                </dict>
            </dict>
            <dict>
                <key>id</key>
                <string>6678</string>
                <key>Asset</key>
                <dict>
                    <key>value</key>
                    <string>2161</string>
                </dict>
            </dict>
            <dict>
                <key>id</key>
                <string>6680</string>
                <key>Asset</key>
                <dict>
                    <key>value</key>
                    <string>2161</string>
                </dict>
            </dict>
            <dict>
                <key>id</key>
                <string>6682</string>
                <key>Asset</key>
                <dict>
                    <key>value</key>
                    <string>2161</string>
                </dict>
            </dict>
            <dict>
                <key>id</key>
                <string>6684</string>
                <key>Asset</key>
                <dict>
                    <key>value</key>
                    <string>2161</string>
                </dict>
            </dict>
        </array>
    </dict>
</plist>
