<?xml version="1.0" encoding="UTF-8"?>
<!DOCTYPE plist PUBLIC "-//Apple//DTD PLIST 1.0//EN" "http://www.apple.com/DTDs/PropertyList-1.0.dtd"/>

<plist version="1.0">
    <dict>
        <key>ROOT</key>
        <array>
            <dict>
                <key>id</key>
                <string>105</string>
                <key>sprites</key>
                <array>
                    <string>106</string>
                </array>
            </dict>
            <dict>
                <key>id</key>
                <string>109</string>
                <key>sprites</key>
                <array>
                    <string>110</string>
                </array>
            </dict>
            <dict>
                <key>id</key>
                <string>120</string>
                <key>sprites</key>
                <array>
                    <string>121</string>
                </array>
            </dict>
            <dict>
                <key>id</key>
                <string>150</string>
                <key>sprites</key>
                <array>
                    <string>151</string>
                </array>
            </dict>
            <dict>
                <key>id</key>
                <string>341</string>
                <key>sprites</key>
                <array>
                    <string>342</string>
                </array>
            </dict>
            <dict>
                <key>id</key>
                <string>441</string>
                <key>sprites</key>
                <array>
                    <string>442</string>
                </array>
            </dict>
            <dict>
                <key>id</key>
                <string>991</string>
                <key>sprites</key>
                <array>
                    <string>992</string>
                </array>
            </dict>
            <dict>
                <key>id</key>
                <string>1042</string>
                <key>sprites</key>
                <array>
                    <string>1043</string>
                </array>
            </dict>
            <dict>
                <key>id</key>
                <string>1050</string>
                <key>sprites</key>
                <array>
                    <string>1051</string>
                </array>
            </dict>
            <dict>
                <key>id</key>
                <string>1186</string>
                <key>sprites</key>
                <array>
                    <string>1187</string>
                </array>
            </dict>
            <dict>
                <key>id</key>
                <string>1483</string>
                <key>sprites</key>
                <array>
                    <string>1484</string>
                </array>
            </dict>
            <dict>
                <key>id</key>
                <string>1489</string>
                <key>sprites</key>
                <array>
                    <string>1490</string>
                </array>
            </dict>
            <dict>
                <key>id</key>
                <string>1501</string>
                <key>sprites</key>
                <array>
                    <string>1502</string>
                </array>
            </dict>
            <dict>
                <key>id</key>
                <string>1566</string>
                <key>sprites</key>
                <array>
                    <string>1567</string>
                </array>
            </dict>
            <dict>
                <key>id</key>
                <string>1572</string>
                <key>sprites</key>
                <array>
                    <string>1573</string>
                </array>
            </dict>
            <dict>
                <key>id</key>
                <string>1575</string>
                <key>sprites</key>
                <array>
                    <string>1576</string>
                </array>
            </dict>
            <dict>
                <key>id</key>
                <string>1588</string>
                <key>sprites</key>
                <array>
                    <string>1589</string>
                </array>
            </dict>
            <dict>
                <key>id</key>
                <string>1590</string>
                <key>sprites</key>
                <array>
                    <string>1591</string>
                </array>
            </dict>
            <dict>
                <key>id</key>
                <string>1597</string>
                <key>sprites</key>
                <array>
                    <string>1598</string>
                </array>
            </dict>
            <dict>
                <key>id</key>
                <string>1603</string>
                <key>sprites</key>
                <array>
                    <string>1604</string>
                </array>
            </dict>
            <dict>
                <key>id</key>
                <string>1606</string>
                <key>sprites</key>
                <array>
                    <string>1607</string>
                </array>
            </dict>
            <dict>
                <key>id</key>
                <string>1609</string>
                <key>sprites</key>
                <array>
                    <string>1610</string>
                </array>
            </dict>
            <dict>
                <key>id</key>
                <string>1616</string>
                <key>sprites</key>
                <array>
                    <string>1617</string>
                </array>
            </dict>
            <dict>
                <key>id</key>
                <string>1619</string>
                <key>sprites</key>
                <array>
                    <string>1620</string>
                </array>
            </dict>
            <dict>
                <key>id</key>
                <string>1679</string>
                <key>sprites</key>
                <array>
                    <string>1680</string>
                </array>
            </dict>
            <dict>
                <key>id</key>
                <string>1688</string>
                <key>sprites</key>
                <array>
                    <string>1689</string>
                </array>
            </dict>
            <dict>
                <key>id</key>
                <string>1697</string>
                <key>sprites</key>
                <array>
                    <string>1698</string>
                </array>
            </dict>
            <dict>
                <key>id</key>
                <string>1723</string>
                <key>sprites</key>
                <array>
                    <string>1724</string>
                </array>
            </dict>
            <dict>
                <key>id</key>
                <string>1736</string>
                <key>sprites</key>
                <array>
                    <string>1737</string>
                </array>
            </dict>
            <dict>
                <key>id</key>
                <string>1751</string>
                <key>sprites</key>
                <array>
                    <string>1752</string>
                </array>
            </dict>
            <dict>
                <key>id</key>
                <string>1775</string>
                <key>sprites</key>
                <array>
                    <string>1776</string>
                </array>
            </dict>
            <dict>
                <key>id</key>
                <string>1825</string>
                <key>sprites</key>
                <array>
                    <string>1826</string>
                    <string>1827</string>
                    <string>1828</string>
                    <string>1829</string>
                    <string>1830</string>
                    <string>1831</string>
                    <string>1832</string>
                    <string>1833</string>
                    <string>1834</string>
                    <string>1835</string>
                    <string>1836</string>
                    <string>1837</string>
                    <string>1838</string>
                    <string>1839</string>
                    <string>1840</string>
                </array>
            </dict>
            <dict>
                <key>id</key>
                <string>1852</string>
                <key>sprites</key>
                <array>
                    <string>1853</string>
                    <string>1854</string>
                    <string>1855</string>
                    <string>1856</string>
                    <string>1857</string>
                    <string>1858</string>
                    <string>1859</string>
                    <string>1860</string>
                    <string>1861</string>
                    <string>1862</string>
                </array>
            </dict>
            <dict>
                <key>id</key>
                <string>1912</string>
                <key>sprites</key>
                <array>
                    <string>1913</string>
                    <string>1914</string>
                    <string>1915</string>
                    <string>1916</string>
                    <string>1917</string>
                    <string>1918</string>
                    <string>1919</string>
                    <string>1920</string>
                    <string>1921</string>
                    <string>1922</string>
                </array>
            </dict>
            <dict>
                <key>id</key>
                <string>1937</string>
                <key>sprites</key>
                <array>
                    <string>1938</string>
                    <string>1939</string>
                    <string>1940</string>
                    <string>1941</string>
                    <string>1942</string>
                    <string>1943</string>
                    <string>1944</string>
                    <string>1945</string>
                    <string>1946</string>
                    <string>1947</string>
                </array>
            </dict>
            <dict>
                <key>id</key>
                <string>2021</string>
                <key>sprites</key>
                <array>
                    <string>2022</string>
                    <string>2023</string>
                    <string>2024</string>
                    <string>2025</string>
                    <string>2026</string>
                    <string>2027</string>
                    <string>2028</string>
                    <string>2029</string>
                    <string>2030</string>
                    <string>2031</string>
                    <string>2032</string>
                    <string>2033</string>
                    <string>2034</string>
                    <string>2035</string>
                    <string>2036</string>
                </array>
            </dict>
            <dict>
                <key>id</key>
                <string>2050</string>
                <key>sprites</key>
                <array>
                    <string>2051</string>
                </array>
            </dict>
            <dict>
                <key>id</key>
                <string>2059</string>
                <key>sprites</key>
                <array>
                    <string>2060</string>
                </array>
            </dict>
            <dict>
                <key>id</key>
                <string>2078</string>
                <key>sprites</key>
                <array>
                    <string>2079</string>
                    <string>2080</string>
                    <string>2081</string>
                    <string>2082</string>
                    <string>2083</string>
                    <string>2084</string>
                    <string>2085</string>
                    <string>2086</string>
                    <string>2087</string>
                    <string>2088</string>
                </array>
            </dict>
            <dict>
                <key>id</key>
                <string>2107</string>
                <key>sprites</key>
                <array>
                    <string>2108</string>
                    <string>2109</string>
                    <string>2110</string>
                    <string>2111</string>
                    <string>2112</string>
                    <string>2113</string>
                    <string>2114</string>
                    <string>2115</string>
                    <string>2116</string>
                </array>
            </dict>
            <dict>
                <key>id</key>
                <string>2131</string>
                <key>sprites</key>
                <array>
                    <string>2132</string>
                </array>
            </dict>
            <dict>
                <key>id</key>
                <string>2142</string>
                <key>sprites</key>
                <array>
                    <string>2143</string>
                </array>
            </dict>
            <dict>
                <key>id</key>
                <string>2159</string>
                <key>sprites</key>
                <array>
                    <string>2160</string>
                </array>
            </dict>
            <dict>
                <key>id</key>
                <string>2314</string>
                <key>sprites</key>
                <array>
                    <string>2315</string>
                </array>
            </dict>
            <dict>
                <key>id</key>
                <string>2360</string>
                <key>sprites</key>
                <array>
                    <string>2361</string>
                </array>
            </dict>
            <dict>
                <key>id</key>
                <string>2417</string>
                <key>sprites</key>
                <array>
                    <string>2418</string>
                </array>
            </dict>
            <dict>
                <key>id</key>
                <string>2495</string>
                <key>sprites</key>
                <array>
                    <string>2496</string>
                </array>
            </dict>
            <dict>
                <key>id</key>
                <string>2576</string>
                <key>sprites</key>
                <array>
                    <string>2577</string>
                </array>
            </dict>
            <dict>
                <key>id</key>
                <string>3233</string>
                <key>sprites</key>
                <array>
                    <string>3234</string>
                </array>
            </dict>
            <dict>
                <key>id</key>
                <string>3438</string>
                <key>sprites</key>
                <array>
                    <string>3439</string>
                    <string>3440</string>
                    <string>3441</string>
                    <string>3443</string>
                    <string>3444</string>
                    <string>3445</string>
                    <string>3446</string>
                    <string>3447</string>
                    <string>3448</string>
                    <string>3449</string>
                </array>
            </dict>
            <dict>
                <key>id</key>
                <string>3678</string>
                <key>sprites</key>
                <array>
                    <string>3679</string>
                </array>
            </dict>
            <dict>
                <key>id</key>
                <string>3714</string>
                <key>sprites</key>
                <array>
                    <string>3715</string>
                </array>
            </dict>
            <dict>
                <key>id</key>
                <string>3725</string>
                <key>sprites</key>
                <array>
                    <string>3726</string>
                </array>
            </dict>
            <dict>
                <key>id</key>
                <string>3775</string>
                <key>sprites</key>
                <array>
                    <string>3776</string>
                    <string>3777</string>
                    <string>3778</string>
                    <string>3779</string>
                    <string>3780</string>
                    <string>3781</string>
                    <string>3782</string>
                    <string>3783</string>
                    <string>3784</string>
                    <string>3785</string>
                    <string>3786</string>
                    <string>3787</string>
                    <string>3788</string>
                    <string>3789</string>
                    <string>3790</string>
                    <string>3791</string>
                    <string>3792</string>
                </array>
            </dict>
            <dict>
                <key>id</key>
                <string>3861</string>
                <key>sprites</key>
                <array>
                    <string>3862</string>
                    <string>3863</string>
                </array>
            </dict>
            <dict>
                <key>id</key>
                <string>3876</string>
                <key>sprites</key>
                <array>
                    <string>3877</string>
                </array>
            </dict>
            <dict>
                <key>id</key>
                <string>3887</string>
                <key>sprites</key>
                <array>
                    <string>3888</string>
                </array>
            </dict>
            <dict>
                <key>id</key>
                <string>3898</string>
                <key>sprites</key>
                <array>
                    <string>3899</string>
                </array>
            </dict>
            <dict>
                <key>id</key>
                <string>3933</string>
                <key>sprites</key>
                <array>
                    <string>3934</string>
                </array>
            </dict>
            <dict>
                <key>id</key>
                <string>4858</string>
                <key>sprites</key>
                <array>
                    <string>4859</string>
                </array>
            </dict>
            <dict>
                <key>id</key>
                <string>4923</string>
                <key>sprites</key>
                <array>
                    <string>4924</string>
                    <string>4925</string>
                    <string>4926</string>
                    <string>4927</string>
                    <string>4928</string>
                    <string>4929</string>
                </array>
            </dict>
            <dict>
                <key>id</key>
                <string>5048</string>
                <key>sprites</key>
                <array>
                    <string>5049</string>
                    <string>5051</string>
                    <string>5053</string>
                    <string>5055</string>
                </array>
            </dict>
            <dict>
                <key>id</key>
                <string>5156</string>
                <key>sprites</key>
                <array>
                    <string>5157</string>
                </array>
            </dict>
            <dict>
                <key>id</key>
                <string>6180</string>
                <key>sprites</key>
                <array>
                    <string>6181</string>
                </array>
            </dict>
            <dict>
                <key>id</key>
                <string>6186</string>
                <key>sprites</key>
                <array>
                    <string>6187</string>
                </array>
            </dict>
            <dict>
                <key>id</key>
                <string>6192</string>
                <key>sprites</key>
                <array>
                    <string>6193</string>
                </array>
            </dict>
            <dict>
                <key>id</key>
                <string>6198</string>
                <key>sprites</key>
                <array>
                    <string>6199</string>
                </array>
            </dict>
            <dict>
                <key>id</key>
                <string>6209</string>
                <key>sprites</key>
                <array>
                    <string>6210</string>
                </array>
            </dict>
            <dict>
                <key>id</key>
                <string>6215</string>
                <key>sprites</key>
                <array>
                    <string>6216</string>
                </array>
            </dict>
            <dict>
                <key>id</key>
                <string>6323</string>
                <key>sprites</key>
                <array>
                    <string>6324</string>
                </array>
            </dict>
            <dict>
                <key>id</key>
                <string>6334</string>
                <key>sprites</key>
                <array>
                    <string>6335</string>
                </array>
            </dict>
            <dict>
                <key>id</key>
                <string>6340</string>
                <key>sprites</key>
                <array>
                    <string>6341</string>
                </array>
            </dict>
            <dict>
                <key>id</key>
                <string>6351</string>
                <key>sprites</key>
                <array>
                    <string>6352</string>
                </array>
            </dict>
            <dict>
                <key>id</key>
                <string>6357</string>
                <key>sprites</key>
                <array>
                    <string>6358</string>
                </array>
            </dict>
            <dict>
                <key>id</key>
                <string>6364</string>
                <key>sprites</key>
                <array>
                    <string>6365</string>
                </array>
            </dict>
            <dict>
                <key>id</key>
                <string>6370</string>
                <key>sprites</key>
                <array>
                    <string>6371</string>
                </array>
            </dict>
            <dict>
                <key>id</key>
                <string>6376</string>
                <key>sprites</key>
                <array>
                    <string>6377</string>
                </array>
            </dict>
            <dict>
                <key>id</key>
                <string>6382</string>
                <key>sprites</key>
                <array>
                    <string>6383</string>
                </array>
            </dict>
            <dict>
                <key>id</key>
                <string>6388</string>
                <key>sprites</key>
                <array>
                    <string>6389</string>
                </array>
            </dict>
            <dict>
                <key>id</key>
                <string>6532</string>
                <key>sprites</key>
                <array>
                    <string>6533</string>
                </array>
            </dict>
            <dict>
                <key>id</key>
                <string>6561</string>
                <key>sprites</key>
                <array>
                    <string>6562</string>
                </array>
            </dict>
            <dict>
                <key>id</key>
                <string>6852</string>
                <key>sprites</key>
                <array>
                    <string>6853</string>
                </array>
            </dict>
        </array>
    </dict>
</plist>
