<?xml version="1.0" encoding="UTF-8"?>
<!DOCTYPE plist PUBLIC "-//Apple//DTD PLIST 1.0//EN" "http://www.apple.com/DTDs/PropertyList-1.0.dtd"/>

<plist version="1.0">
    <dict>
        <key>ROOT</key>
        <array>
            <dict>
                <key>id</key>
                <string>114</string>
                <key>Image</key>
                <dict>
                    <key>value</key>
                    <string>109</string>
                </dict>
            </dict>
            <dict>
                <key>id</key>
                <string>155</string>
                <key>Image</key>
                <dict>
                    <key>value</key>
                    <string>150</string>
                </dict>
            </dict>
            <dict>
                <key>id</key>
                <string>346</string>
                <key>Image</key>
                <dict>
                    <key>value</key>
                    <string>341</string>
                </dict>
            </dict>
            <dict>
                <key>id</key>
                <string>447</string>
                <key>Image</key>
                <dict>
                    <key>value</key>
                    <string>441</string>
                </dict>
            </dict>
            <dict>
                <key>id</key>
                <string>1571</string>
                <key>Image</key>
                <dict>
                    <key>value</key>
                    <string>1572</string>
                </dict>
            </dict>
            <dict>
                <key>id</key>
                <string>1579</string>
                <key>Image</key>
                <dict>
                    <key>value</key>
                    <string>6215</string>
                </dict>
            </dict>
            <dict>
                <key>id</key>
                <string>1582</string>
            </dict>
            <dict>
                <key>id</key>
                <string>1586</string>
                <key>Image</key>
                <dict>
                    <key>value</key>
                    <string>1572</string>
                </dict>
            </dict>
            <dict>
                <key>id</key>
                <string>1595</string>
                <key>Image</key>
                <dict>
                    <key>value</key>
                    <string>1572</string>
                </dict>
            </dict>
            <dict>
                <key>id</key>
                <string>1602</string>
                <key>Image</key>
                <dict>
                    <key>value</key>
                    <string>6323</string>
                </dict>
            </dict>
            <dict>
                <key>id</key>
                <string>1605</string>
                <key>Image</key>
                <dict>
                    <key>value</key>
                    <string>1603</string>
                </dict>
            </dict>
            <dict>
                <key>id</key>
                <string>1615</string>
                <key>Image</key>
                <dict>
                    <key>value</key>
                    <string>6340</string>
                </dict>
            </dict>
            <dict>
                <key>id</key>
                <string>1618</string>
                <key>Image</key>
                <dict>
                    <key>value</key>
                    <string>6351</string>
                </dict>
            </dict>
            <dict>
                <key>id</key>
                <string>1647</string>
                <key>Image</key>
                <dict>
                    <key>value</key>
                    <string>1572</string>
                </dict>
            </dict>
            <dict>
                <key>id</key>
                <string>1671</string>
                <key>Image</key>
                <dict>
                    <key>value</key>
                    <string>1572</string>
                </dict>
            </dict>
            <dict>
                <key>id</key>
                <string>1684</string>
                <key>Image</key>
                <dict>
                    <key>value</key>
                    <string>1679</string>
                </dict>
            </dict>
            <dict>
                <key>id</key>
                <string>1693</string>
                <key>Image</key>
                <dict>
                    <key>value</key>
                    <string>1688</string>
                </dict>
            </dict>
            <dict>
                <key>id</key>
                <string>1702</string>
                <key>Image</key>
                <dict>
                    <key>value</key>
                    <string>1697</string>
                </dict>
            </dict>
            <dict>
                <key>id</key>
                <string>1741</string>
                <key>Image</key>
                <dict>
                    <key>value</key>
                    <string>1736</string>
                </dict>
            </dict>
            <dict>
                <key>id</key>
                <string>1780</string>
                <key>Image</key>
                <dict>
                    <key>value</key>
                    <string>1775</string>
                </dict>
            </dict>
            <dict>
                <key>id</key>
                <string>1844</string>
                <key>Image</key>
                <dict>
                    <key>value</key>
                    <string>1825</string>
                </dict>
            </dict>
            <dict>
                <key>id</key>
                <string>1866</string>
                <key>Image</key>
                <dict>
                    <key>value</key>
                    <string>1852</string>
                </dict>
            </dict>
            <dict>
                <key>id</key>
                <string>1934</string>
                <key>Image</key>
                <dict>
                    <key>value</key>
                    <string>1912</string>
                </dict>
            </dict>
            <dict>
                <key>id</key>
                <string>1961</string>
                <key>Image</key>
                <dict>
                    <key>value</key>
                    <string>1937</string>
                </dict>
            </dict>
            <dict>
                <key>id</key>
                <string>2040</string>
                <key>Image</key>
                <dict>
                    <key>value</key>
                    <string>2021</string>
                </dict>
            </dict>
            <dict>
                <key>id</key>
                <string>2055</string>
                <key>Image</key>
                <dict>
                    <key>value</key>
                    <string>2050</string>
                </dict>
            </dict>
            <dict>
                <key>id</key>
                <string>2064</string>
                <key>Image</key>
                <dict>
                    <key>value</key>
                    <string>2059</string>
                </dict>
            </dict>
            <dict>
                <key>id</key>
                <string>2100</string>
                <key>Image</key>
                <dict>
                    <key>value</key>
                    <string>2078</string>
                </dict>
            </dict>
            <dict>
                <key>id</key>
                <string>2127</string>
                <key>Image</key>
                <dict>
                    <key>value</key>
                    <string>2107</string>
                </dict>
            </dict>
            <dict>
                <key>id</key>
                <string>2136</string>
                <key>Image</key>
                <dict>
                    <key>value</key>
                    <string>2131</string>
                </dict>
            </dict>
            <dict>
                <key>id</key>
                <string>2147</string>
                <key>Image</key>
                <dict>
                    <key>value</key>
                    <string>2142</string>
                </dict>
            </dict>
            <dict>
                <key>id</key>
                <string>2164</string>
                <key>Image</key>
                <dict>
                    <key>value</key>
                    <string>2159</string>
                </dict>
            </dict>
            <dict>
                <key>id</key>
                <string>2319</string>
                <key>Image</key>
                <dict>
                    <key>value</key>
                    <string>2314</string>
                </dict>
            </dict>
            <dict>
                <key>id</key>
                <string>2326</string>
                <key>Image</key>
                <dict>
                    <key>value</key>
                    <string>2314</string>
                </dict>
            </dict>
            <dict>
                <key>id</key>
                <string>2336</string>
                <key>Image</key>
                <dict>
                    <key>value</key>
                    <string>2314</string>
                </dict>
            </dict>
            <dict>
                <key>id</key>
                <string>2345</string>
                <key>Image</key>
                <dict>
                    <key>value</key>
                    <string>2314</string>
                </dict>
            </dict>
            <dict>
                <key>id</key>
                <string>2354</string>
                <key>Image</key>
                <dict>
                    <key>value</key>
                    <string>2314</string>
                </dict>
            </dict>
            <dict>
                <key>id</key>
                <string>2365</string>
                <key>Image</key>
                <dict>
                    <key>value</key>
                    <string>2360</string>
                </dict>
            </dict>
            <dict>
                <key>id</key>
                <string>2399</string>
                <key>Image</key>
                <dict>
                    <key>value</key>
                    <string>2314</string>
                </dict>
            </dict>
            <dict>
                <key>id</key>
                <string>2408</string>
                <key>Image</key>
                <dict>
                    <key>value</key>
                    <string>2314</string>
                </dict>
            </dict>
            <dict>
                <key>id</key>
                <string>2422</string>
                <key>Image</key>
                <dict>
                    <key>value</key>
                    <string>2417</string>
                </dict>
            </dict>
            <dict>
                <key>id</key>
                <string>2432</string>
                <key>Image</key>
                <dict>
                    <key>value</key>
                    <string>2314</string>
                </dict>
            </dict>
            <dict>
                <key>id</key>
                <string>2441</string>
                <key>Image</key>
                <dict>
                    <key>value</key>
                    <string>2314</string>
                </dict>
            </dict>
            <dict>
                <key>id</key>
                <string>2450</string>
                <key>Image</key>
                <dict>
                    <key>value</key>
                    <string>2314</string>
                </dict>
            </dict>
            <dict>
                <key>id</key>
                <string>2459</string>
                <key>Image</key>
                <dict>
                    <key>value</key>
                    <string>2314</string>
                </dict>
            </dict>
            <dict>
                <key>id</key>
                <string>2468</string>
                <key>Image</key>
                <dict>
                    <key>value</key>
                    <string>2314</string>
                </dict>
            </dict>
            <dict>
                <key>id</key>
                <string>2477</string>
                <key>Image</key>
                <dict>
                    <key>value</key>
                    <string>2314</string>
                </dict>
            </dict>
            <dict>
                <key>id</key>
                <string>2486</string>
                <key>Image</key>
                <dict>
                    <key>value</key>
                    <string>2314</string>
                </dict>
            </dict>
            <dict>
                <key>id</key>
                <string>2500</string>
                <key>Image</key>
                <dict>
                    <key>value</key>
                    <string>2495</string>
                </dict>
            </dict>
            <dict>
                <key>id</key>
                <string>2510</string>
                <key>Image</key>
                <dict>
                    <key>value</key>
                    <string>2314</string>
                </dict>
            </dict>
            <dict>
                <key>id</key>
                <string>2519</string>
                <key>Image</key>
                <dict>
                    <key>value</key>
                    <string>2314</string>
                </dict>
            </dict>
            <dict>
                <key>id</key>
                <string>2544</string>
                <key>Image</key>
                <dict>
                    <key>value</key>
                    <string>2314</string>
                </dict>
            </dict>
            <dict>
                <key>id</key>
                <string>2581</string>
                <key>Image</key>
                <dict>
                    <key>value</key>
                    <string>2576</string>
                </dict>
            </dict>
            <dict>
                <key>id</key>
                <string>2618</string>
                <key>Image</key>
                <dict>
                    <key>value</key>
                    <string>2314</string>
                </dict>
            </dict>
            <dict>
                <key>id</key>
                <string>2627</string>
                <key>Image</key>
                <dict>
                    <key>value</key>
                    <string>2314</string>
                </dict>
            </dict>
            <dict>
                <key>id</key>
                <string>2636</string>
                <key>Image</key>
                <dict>
                    <key>value</key>
                    <string>2314</string>
                </dict>
            </dict>
            <dict>
                <key>id</key>
                <string>2645</string>
                <key>Image</key>
                <dict>
                    <key>value</key>
                    <string>2314</string>
                </dict>
            </dict>
            <dict>
                <key>id</key>
                <string>2654</string>
                <key>Image</key>
                <dict>
                    <key>value</key>
                    <string>2314</string>
                </dict>
            </dict>
            <dict>
                <key>id</key>
                <string>2663</string>
                <key>Image</key>
                <dict>
                    <key>value</key>
                    <string>2314</string>
                </dict>
            </dict>
            <dict>
                <key>id</key>
                <string>2672</string>
                <key>Image</key>
                <dict>
                    <key>value</key>
                    <string>2314</string>
                </dict>
            </dict>
            <dict>
                <key>id</key>
                <string>2681</string>
                <key>Image</key>
                <dict>
                    <key>value</key>
                    <string>2314</string>
                </dict>
            </dict>
            <dict>
                <key>id</key>
                <string>2690</string>
                <key>Image</key>
                <dict>
                    <key>value</key>
                    <string>2314</string>
                </dict>
            </dict>
            <dict>
                <key>id</key>
                <string>2699</string>
                <key>Image</key>
                <dict>
                    <key>value</key>
                    <string>2314</string>
                </dict>
            </dict>
            <dict>
                <key>id</key>
                <string>2708</string>
                <key>Image</key>
                <dict>
                    <key>value</key>
                    <string>2314</string>
                </dict>
            </dict>
            <dict>
                <key>id</key>
                <string>2717</string>
                <key>Image</key>
                <dict>
                    <key>value</key>
                    <string>2314</string>
                </dict>
            </dict>
            <dict>
                <key>id</key>
                <string>2726</string>
                <key>Image</key>
                <dict>
                    <key>value</key>
                    <string>2314</string>
                </dict>
            </dict>
            <dict>
                <key>id</key>
                <string>2735</string>
                <key>Image</key>
                <dict>
                    <key>value</key>
                    <string>2314</string>
                </dict>
            </dict>
            <dict>
                <key>id</key>
                <string>2744</string>
                <key>Image</key>
                <dict>
                    <key>value</key>
                    <string>2314</string>
                </dict>
            </dict>
            <dict>
                <key>id</key>
                <string>2753</string>
                <key>Image</key>
                <dict>
                    <key>value</key>
                    <string>2314</string>
                </dict>
            </dict>
            <dict>
                <key>id</key>
                <string>2762</string>
                <key>Image</key>
                <dict>
                    <key>value</key>
                    <string>2314</string>
                </dict>
            </dict>
            <dict>
                <key>id</key>
                <string>2771</string>
                <key>Image</key>
                <dict>
                    <key>value</key>
                    <string>2314</string>
                </dict>
            </dict>
            <dict>
                <key>id</key>
                <string>2780</string>
                <key>Image</key>
                <dict>
                    <key>value</key>
                    <string>2314</string>
                </dict>
            </dict>
            <dict>
                <key>id</key>
                <string>2789</string>
                <key>Image</key>
                <dict>
                    <key>value</key>
                    <string>2314</string>
                </dict>
            </dict>
            <dict>
                <key>id</key>
                <string>2798</string>
                <key>Image</key>
                <dict>
                    <key>value</key>
                    <string>2314</string>
                </dict>
            </dict>
            <dict>
                <key>id</key>
                <string>2807</string>
                <key>Image</key>
                <dict>
                    <key>value</key>
                    <string>2314</string>
                </dict>
            </dict>
            <dict>
                <key>id</key>
                <string>2816</string>
                <key>Image</key>
                <dict>
                    <key>value</key>
                    <string>2314</string>
                </dict>
            </dict>
            <dict>
                <key>id</key>
                <string>2825</string>
                <key>Image</key>
                <dict>
                    <key>value</key>
                    <string>2314</string>
                </dict>
            </dict>
            <dict>
                <key>id</key>
                <string>2834</string>
                <key>Image</key>
                <dict>
                    <key>value</key>
                    <string>2314</string>
                </dict>
            </dict>
            <dict>
                <key>id</key>
                <string>2843</string>
                <key>Image</key>
                <dict>
                    <key>value</key>
                    <string>2314</string>
                </dict>
            </dict>
            <dict>
                <key>id</key>
                <string>2852</string>
                <key>Image</key>
                <dict>
                    <key>value</key>
                    <string>2314</string>
                </dict>
            </dict>
            <dict>
                <key>id</key>
                <string>2861</string>
                <key>Image</key>
                <dict>
                    <key>value</key>
                    <string>2314</string>
                </dict>
            </dict>
            <dict>
                <key>id</key>
                <string>2870</string>
                <key>Image</key>
                <dict>
                    <key>value</key>
                    <string>2314</string>
                </dict>
            </dict>
            <dict>
                <key>id</key>
                <string>2879</string>
                <key>Image</key>
                <dict>
                    <key>value</key>
                    <string>2314</string>
                </dict>
            </dict>
            <dict>
                <key>id</key>
                <string>2888</string>
                <key>Image</key>
                <dict>
                    <key>value</key>
                    <string>2314</string>
                </dict>
            </dict>
            <dict>
                <key>id</key>
                <string>2897</string>
                <key>Image</key>
                <dict>
                    <key>value</key>
                    <string>2314</string>
                </dict>
            </dict>
            <dict>
                <key>id</key>
                <string>2906</string>
                <key>Image</key>
                <dict>
                    <key>value</key>
                    <string>2314</string>
                </dict>
            </dict>
            <dict>
                <key>id</key>
                <string>2915</string>
                <key>Image</key>
                <dict>
                    <key>value</key>
                    <string>2314</string>
                </dict>
            </dict>
            <dict>
                <key>id</key>
                <string>2924</string>
                <key>Image</key>
                <dict>
                    <key>value</key>
                    <string>2314</string>
                </dict>
            </dict>
            <dict>
                <key>id</key>
                <string>2933</string>
                <key>Image</key>
                <dict>
                    <key>value</key>
                    <string>2314</string>
                </dict>
            </dict>
            <dict>
                <key>id</key>
                <string>2942</string>
                <key>Image</key>
                <dict>
                    <key>value</key>
                    <string>2314</string>
                </dict>
            </dict>
            <dict>
                <key>id</key>
                <string>2951</string>
                <key>Image</key>
                <dict>
                    <key>value</key>
                    <string>2314</string>
                </dict>
            </dict>
            <dict>
                <key>id</key>
                <string>2960</string>
                <key>Image</key>
                <dict>
                    <key>value</key>
                    <string>2314</string>
                </dict>
            </dict>
            <dict>
                <key>id</key>
                <string>2969</string>
                <key>Image</key>
                <dict>
                    <key>value</key>
                    <string>2314</string>
                </dict>
            </dict>
            <dict>
                <key>id</key>
                <string>2978</string>
                <key>Image</key>
                <dict>
                    <key>value</key>
                    <string>2314</string>
                </dict>
            </dict>
            <dict>
                <key>id</key>
                <string>2987</string>
                <key>Image</key>
                <dict>
                    <key>value</key>
                    <string>2314</string>
                </dict>
            </dict>
            <dict>
                <key>id</key>
                <string>2996</string>
                <key>Image</key>
                <dict>
                    <key>value</key>
                    <string>2314</string>
                </dict>
            </dict>
            <dict>
                <key>id</key>
                <string>3005</string>
                <key>Image</key>
                <dict>
                    <key>value</key>
                    <string>2314</string>
                </dict>
            </dict>
            <dict>
                <key>id</key>
                <string>3014</string>
                <key>Image</key>
                <dict>
                    <key>value</key>
                    <string>2314</string>
                </dict>
            </dict>
            <dict>
                <key>id</key>
                <string>3023</string>
                <key>Image</key>
                <dict>
                    <key>value</key>
                    <string>2314</string>
                </dict>
            </dict>
            <dict>
                <key>id</key>
                <string>3032</string>
                <key>Image</key>
                <dict>
                    <key>value</key>
                    <string>2314</string>
                </dict>
            </dict>
            <dict>
                <key>id</key>
                <string>3041</string>
                <key>Image</key>
                <dict>
                    <key>value</key>
                    <string>2314</string>
                </dict>
            </dict>
            <dict>
                <key>id</key>
                <string>3050</string>
                <key>Image</key>
                <dict>
                    <key>value</key>
                    <string>2314</string>
                </dict>
            </dict>
            <dict>
                <key>id</key>
                <string>3059</string>
                <key>Image</key>
                <dict>
                    <key>value</key>
                    <string>2314</string>
                </dict>
            </dict>
            <dict>
                <key>id</key>
                <string>3068</string>
                <key>Image</key>
                <dict>
                    <key>value</key>
                    <string>2314</string>
                </dict>
            </dict>
            <dict>
                <key>id</key>
                <string>3077</string>
                <key>Image</key>
                <dict>
                    <key>value</key>
                    <string>2314</string>
                </dict>
            </dict>
            <dict>
                <key>id</key>
                <string>3086</string>
                <key>Image</key>
                <dict>
                    <key>value</key>
                    <string>2314</string>
                </dict>
            </dict>
            <dict>
                <key>id</key>
                <string>3095</string>
                <key>Image</key>
                <dict>
                    <key>value</key>
                    <string>2314</string>
                </dict>
            </dict>
            <dict>
                <key>id</key>
                <string>3104</string>
                <key>Image</key>
                <dict>
                    <key>value</key>
                    <string>2314</string>
                </dict>
            </dict>
            <dict>
                <key>id</key>
                <string>3113</string>
                <key>Image</key>
                <dict>
                    <key>value</key>
                    <string>2314</string>
                </dict>
            </dict>
            <dict>
                <key>id</key>
                <string>3122</string>
                <key>Image</key>
                <dict>
                    <key>value</key>
                    <string>2314</string>
                </dict>
            </dict>
            <dict>
                <key>id</key>
                <string>3131</string>
                <key>Image</key>
                <dict>
                    <key>value</key>
                    <string>2314</string>
                </dict>
            </dict>
            <dict>
                <key>id</key>
                <string>3140</string>
                <key>Image</key>
                <dict>
                    <key>value</key>
                    <string>2314</string>
                </dict>
            </dict>
            <dict>
                <key>id</key>
                <string>3149</string>
                <key>Image</key>
                <dict>
                    <key>value</key>
                    <string>2314</string>
                </dict>
            </dict>
            <dict>
                <key>id</key>
                <string>3158</string>
                <key>Image</key>
                <dict>
                    <key>value</key>
                    <string>2314</string>
                </dict>
            </dict>
            <dict>
                <key>id</key>
                <string>3167</string>
                <key>Image</key>
                <dict>
                    <key>value</key>
                    <string>2314</string>
                </dict>
            </dict>
            <dict>
                <key>id</key>
                <string>3193</string>
                <key>Image</key>
                <dict>
                    <key>value</key>
                    <string>2314</string>
                </dict>
            </dict>
            <dict>
                <key>id</key>
                <string>3202</string>
                <key>Image</key>
                <dict>
                    <key>value</key>
                    <string>2314</string>
                </dict>
            </dict>
            <dict>
                <key>id</key>
                <string>3211</string>
                <key>Image</key>
                <dict>
                    <key>value</key>
                    <string>2314</string>
                </dict>
            </dict>
            <dict>
                <key>id</key>
                <string>3245</string>
                <key>Image</key>
                <dict>
                    <key>value</key>
                    <string>2314</string>
                </dict>
            </dict>
            <dict>
                <key>id</key>
                <string>3254</string>
                <key>Image</key>
                <dict>
                    <key>value</key>
                    <string>2314</string>
                </dict>
            </dict>
            <dict>
                <key>id</key>
                <string>3263</string>
                <key>Image</key>
                <dict>
                    <key>value</key>
                    <string>2314</string>
                </dict>
            </dict>
            <dict>
                <key>id</key>
                <string>3272</string>
                <key>Image</key>
                <dict>
                    <key>value</key>
                    <string>2314</string>
                </dict>
            </dict>
            <dict>
                <key>id</key>
                <string>3281</string>
                <key>Image</key>
                <dict>
                    <key>value</key>
                    <string>2314</string>
                </dict>
            </dict>
            <dict>
                <key>id</key>
                <string>3293</string>
                <key>Image</key>
                <dict>
                    <key>value</key>
                    <string>2314</string>
                </dict>
            </dict>
            <dict>
                <key>id</key>
                <string>3302</string>
                <key>Image</key>
                <dict>
                    <key>value</key>
                    <string>2314</string>
                </dict>
            </dict>
            <dict>
                <key>id</key>
                <string>3311</string>
                <key>Image</key>
                <dict>
                    <key>value</key>
                    <string>2314</string>
                </dict>
            </dict>
            <dict>
                <key>id</key>
                <string>3320</string>
                <key>Image</key>
                <dict>
                    <key>value</key>
                    <string>2314</string>
                </dict>
            </dict>
            <dict>
                <key>id</key>
                <string>3329</string>
                <key>Image</key>
                <dict>
                    <key>value</key>
                    <string>2314</string>
                </dict>
            </dict>
            <dict>
                <key>id</key>
                <string>3338</string>
                <key>Image</key>
                <dict>
                    <key>value</key>
                    <string>2314</string>
                </dict>
            </dict>
            <dict>
                <key>id</key>
                <string>3347</string>
                <key>Image</key>
                <dict>
                    <key>value</key>
                    <string>2314</string>
                </dict>
            </dict>
            <dict>
                <key>id</key>
                <string>3356</string>
                <key>Image</key>
                <dict>
                    <key>value</key>
                    <string>2314</string>
                </dict>
            </dict>
            <dict>
                <key>id</key>
                <string>3368</string>
                <key>Image</key>
                <dict>
                    <key>value</key>
                    <string>2314</string>
                </dict>
            </dict>
            <dict>
                <key>id</key>
                <string>3386</string>
                <key>Image</key>
                <dict>
                    <key>value</key>
                    <string>2314</string>
                </dict>
            </dict>
            <dict>
                <key>id</key>
                <string>3395</string>
                <key>Image</key>
                <dict>
                    <key>value</key>
                    <string>2314</string>
                </dict>
            </dict>
            <dict>
                <key>id</key>
                <string>3412</string>
                <key>Image</key>
                <dict>
                    <key>value</key>
                    <string>2314</string>
                </dict>
            </dict>
            <dict>
                <key>id</key>
                <string>3421</string>
                <key>Image</key>
                <dict>
                    <key>value</key>
                    <string>2314</string>
                </dict>
            </dict>
            <dict>
                <key>id</key>
                <string>3462</string>
                <key>Image</key>
                <dict>
                    <key>value</key>
                    <string>3438</string>
                </dict>
            </dict>
            <dict>
                <key>id</key>
                <string>3471</string>
                <key>Image</key>
                <dict>
                    <key>value</key>
                    <string>2314</string>
                </dict>
            </dict>
            <dict>
                <key>id</key>
                <string>3480</string>
                <key>Image</key>
                <dict>
                    <key>value</key>
                    <string>2314</string>
                </dict>
            </dict>
            <dict>
                <key>id</key>
                <string>3489</string>
                <key>Image</key>
                <dict>
                    <key>value</key>
                    <string>2314</string>
                </dict>
            </dict>
            <dict>
                <key>id</key>
                <string>3498</string>
                <key>Image</key>
                <dict>
                    <key>value</key>
                    <string>2314</string>
                </dict>
            </dict>
            <dict>
                <key>id</key>
                <string>3507</string>
                <key>Image</key>
                <dict>
                    <key>value</key>
                    <string>2314</string>
                </dict>
            </dict>
            <dict>
                <key>id</key>
                <string>3516</string>
                <key>Image</key>
                <dict>
                    <key>value</key>
                    <string>2314</string>
                </dict>
            </dict>
            <dict>
                <key>id</key>
                <string>3600</string>
                <key>Image</key>
                <dict>
                    <key>value</key>
                    <string>2314</string>
                </dict>
            </dict>
            <dict>
                <key>id</key>
                <string>3609</string>
                <key>Image</key>
                <dict>
                    <key>value</key>
                    <string>2314</string>
                </dict>
            </dict>
            <dict>
                <key>id</key>
                <string>3618</string>
                <key>Image</key>
                <dict>
                    <key>value</key>
                    <string>2314</string>
                </dict>
            </dict>
            <dict>
                <key>id</key>
                <string>3627</string>
                <key>Image</key>
                <dict>
                    <key>value</key>
                    <string>2314</string>
                </dict>
            </dict>
            <dict>
                <key>id</key>
                <string>3636</string>
                <key>Image</key>
                <dict>
                    <key>value</key>
                    <string>2314</string>
                </dict>
            </dict>
            <dict>
                <key>id</key>
                <string>3645</string>
                <key>Image</key>
                <dict>
                    <key>value</key>
                    <string>2314</string>
                </dict>
            </dict>
            <dict>
                <key>id</key>
                <string>3654</string>
                <key>Image</key>
                <dict>
                    <key>value</key>
                    <string>2314</string>
                </dict>
            </dict>
            <dict>
                <key>id</key>
                <string>3663</string>
                <key>Image</key>
                <dict>
                    <key>value</key>
                    <string>2314</string>
                </dict>
            </dict>
            <dict>
                <key>id</key>
                <string>3672</string>
                <key>Image</key>
                <dict>
                    <key>value</key>
                    <string>2314</string>
                </dict>
            </dict>
            <dict>
                <key>id</key>
                <string>3683</string>
                <key>Image</key>
                <dict>
                    <key>value</key>
                    <string>3678</string>
                </dict>
            </dict>
            <dict>
                <key>id</key>
                <string>3719</string>
                <key>Image</key>
                <dict>
                    <key>value</key>
                    <string>3714</string>
                </dict>
            </dict>
            <dict>
                <key>id</key>
                <string>3730</string>
                <key>Image</key>
                <dict>
                    <key>value</key>
                    <string>3725</string>
                </dict>
            </dict>
            <dict>
                <key>id</key>
                <string>3796</string>
                <key>Image</key>
                <dict>
                    <key>value</key>
                    <string>3775</string>
                </dict>
            </dict>
            <dict>
                <key>id</key>
                <string>3814</string>
                <key>Image</key>
                <dict>
                    <key>value</key>
                    <string>2314</string>
                </dict>
            </dict>
            <dict>
                <key>id</key>
                <string>3823</string>
                <key>Image</key>
                <dict>
                    <key>value</key>
                    <string>2314</string>
                </dict>
            </dict>
            <dict>
                <key>id</key>
                <string>3832</string>
                <key>Image</key>
                <dict>
                    <key>value</key>
                    <string>2314</string>
                </dict>
            </dict>
            <dict>
                <key>id</key>
                <string>3856</string>
                <key>Image</key>
                <dict>
                    <key>value</key>
                    <string>2314</string>
                </dict>
            </dict>
            <dict>
                <key>id</key>
                <string>3867</string>
                <key>Image</key>
                <dict>
                    <key>value</key>
                    <string>3861</string>
                </dict>
            </dict>
            <dict>
                <key>id</key>
                <string>3910</string>
                <key>Image</key>
                <dict>
                    <key>value</key>
                    <string>2314</string>
                </dict>
            </dict>
            <dict>
                <key>id</key>
                <string>3919</string>
                <key>Image</key>
                <dict>
                    <key>value</key>
                    <string>2314</string>
                </dict>
            </dict>
            <dict>
                <key>id</key>
                <string>3928</string>
                <key>Image</key>
                <dict>
                    <key>value</key>
                    <string>2314</string>
                </dict>
            </dict>
            <dict>
                <key>id</key>
                <string>3938</string>
                <key>Image</key>
                <dict>
                    <key>value</key>
                    <string>3933</string>
                </dict>
            </dict>
            <dict>
                <key>id</key>
                <string>3948</string>
                <key>Image</key>
                <dict>
                    <key>value</key>
                    <string>2314</string>
                </dict>
            </dict>
            <dict>
                <key>id</key>
                <string>3958</string>
                <key>Image</key>
                <dict>
                    <key>value</key>
                    <string>2314</string>
                </dict>
            </dict>
            <dict>
                <key>id</key>
                <string>3967</string>
                <key>Image</key>
                <dict>
                    <key>value</key>
                    <string>2314</string>
                </dict>
            </dict>
            <dict>
                <key>id</key>
                <string>3976</string>
                <key>Image</key>
                <dict>
                    <key>value</key>
                    <string>2314</string>
                </dict>
            </dict>
            <dict>
                <key>id</key>
                <string>3985</string>
                <key>Image</key>
                <dict>
                    <key>value</key>
                    <string>2314</string>
                </dict>
            </dict>
            <dict>
                <key>id</key>
                <string>3995</string>
                <key>Image</key>
                <dict>
                    <key>value</key>
                    <string>2314</string>
                </dict>
            </dict>
            <dict>
                <key>id</key>
                <string>4004</string>
                <key>Image</key>
                <dict>
                    <key>value</key>
                    <string>2314</string>
                </dict>
            </dict>
            <dict>
                <key>id</key>
                <string>4013</string>
                <key>Image</key>
                <dict>
                    <key>value</key>
                    <string>2314</string>
                </dict>
            </dict>
            <dict>
                <key>id</key>
                <string>4022</string>
                <key>Image</key>
                <dict>
                    <key>value</key>
                    <string>2314</string>
                </dict>
            </dict>
            <dict>
                <key>id</key>
                <string>4031</string>
                <key>Image</key>
                <dict>
                    <key>value</key>
                    <string>2314</string>
                </dict>
            </dict>
            <dict>
                <key>id</key>
                <string>4040</string>
                <key>Image</key>
                <dict>
                    <key>value</key>
                    <string>2314</string>
                </dict>
            </dict>
            <dict>
                <key>id</key>
                <string>4049</string>
                <key>Image</key>
                <dict>
                    <key>value</key>
                    <string>2314</string>
                </dict>
            </dict>
            <dict>
                <key>id</key>
                <string>4058</string>
                <key>Image</key>
                <dict>
                    <key>value</key>
                    <string>2314</string>
                </dict>
            </dict>
            <dict>
                <key>id</key>
                <string>4067</string>
                <key>Image</key>
                <dict>
                    <key>value</key>
                    <string>2314</string>
                </dict>
            </dict>
            <dict>
                <key>id</key>
                <string>4076</string>
                <key>Image</key>
                <dict>
                    <key>value</key>
                    <string>2314</string>
                </dict>
            </dict>
            <dict>
                <key>id</key>
                <string>4086</string>
                <key>Image</key>
                <dict>
                    <key>value</key>
                    <string>2314</string>
                </dict>
            </dict>
            <dict>
                <key>id</key>
                <string>4104</string>
                <key>Image</key>
                <dict>
                    <key>value</key>
                    <string>2314</string>
                </dict>
            </dict>
            <dict>
                <key>id</key>
                <string>4113</string>
                <key>Image</key>
                <dict>
                    <key>value</key>
                    <string>2314</string>
                </dict>
            </dict>
            <dict>
                <key>id</key>
                <string>4122</string>
                <key>Image</key>
                <dict>
                    <key>value</key>
                    <string>2314</string>
                </dict>
            </dict>
            <dict>
                <key>id</key>
                <string>4131</string>
                <key>Image</key>
                <dict>
                    <key>value</key>
                    <string>2314</string>
                </dict>
            </dict>
            <dict>
                <key>id</key>
                <string>4140</string>
                <key>Image</key>
                <dict>
                    <key>value</key>
                    <string>2314</string>
                </dict>
            </dict>
            <dict>
                <key>id</key>
                <string>4149</string>
                <key>Image</key>
                <dict>
                    <key>value</key>
                    <string>2314</string>
                </dict>
            </dict>
            <dict>
                <key>id</key>
                <string>4158</string>
                <key>Image</key>
                <dict>
                    <key>value</key>
                    <string>2314</string>
                </dict>
            </dict>
            <dict>
                <key>id</key>
                <string>4167</string>
                <key>Image</key>
                <dict>
                    <key>value</key>
                    <string>2314</string>
                </dict>
            </dict>
            <dict>
                <key>id</key>
                <string>4176</string>
                <key>Image</key>
                <dict>
                    <key>value</key>
                    <string>2314</string>
                </dict>
            </dict>
            <dict>
                <key>id</key>
                <string>4185</string>
                <key>Image</key>
                <dict>
                    <key>value</key>
                    <string>2314</string>
                </dict>
            </dict>
            <dict>
                <key>id</key>
                <string>4194</string>
                <key>Image</key>
                <dict>
                    <key>value</key>
                    <string>2314</string>
                </dict>
            </dict>
            <dict>
                <key>id</key>
                <string>4203</string>
                <key>Image</key>
                <dict>
                    <key>value</key>
                    <string>2314</string>
                </dict>
            </dict>
            <dict>
                <key>id</key>
                <string>4214</string>
                <key>Image</key>
                <dict>
                    <key>value</key>
                    <string>2314</string>
                </dict>
            </dict>
            <dict>
                <key>id</key>
                <string>4226</string>
                <key>Image</key>
                <dict>
                    <key>value</key>
                    <string>2314</string>
                </dict>
            </dict>
            <dict>
                <key>id</key>
                <string>4271</string>
                <key>Image</key>
                <dict>
                    <key>value</key>
                    <string>2314</string>
                </dict>
            </dict>
            <dict>
                <key>id</key>
                <string>4280</string>
                <key>Image</key>
                <dict>
                    <key>value</key>
                    <string>2314</string>
                </dict>
            </dict>
            <dict>
                <key>id</key>
                <string>4289</string>
                <key>Image</key>
                <dict>
                    <key>value</key>
                    <string>2314</string>
                </dict>
            </dict>
            <dict>
                <key>id</key>
                <string>4298</string>
                <key>Image</key>
                <dict>
                    <key>value</key>
                    <string>2314</string>
                </dict>
            </dict>
            <dict>
                <key>id</key>
                <string>4307</string>
                <key>Image</key>
                <dict>
                    <key>value</key>
                    <string>2314</string>
                </dict>
            </dict>
            <dict>
                <key>id</key>
                <string>4316</string>
                <key>Image</key>
                <dict>
                    <key>value</key>
                    <string>2314</string>
                </dict>
            </dict>
            <dict>
                <key>id</key>
                <string>4325</string>
                <key>Image</key>
                <dict>
                    <key>value</key>
                    <string>2314</string>
                </dict>
            </dict>
            <dict>
                <key>id</key>
                <string>4334</string>
                <key>Image</key>
                <dict>
                    <key>value</key>
                    <string>2314</string>
                </dict>
            </dict>
            <dict>
                <key>id</key>
                <string>4343</string>
                <key>Image</key>
                <dict>
                    <key>value</key>
                    <string>2314</string>
                </dict>
            </dict>
            <dict>
                <key>id</key>
                <string>4352</string>
                <key>Image</key>
                <dict>
                    <key>value</key>
                    <string>2314</string>
                </dict>
            </dict>
            <dict>
                <key>id</key>
                <string>4361</string>
                <key>Image</key>
                <dict>
                    <key>value</key>
                    <string>2314</string>
                </dict>
            </dict>
            <dict>
                <key>id</key>
                <string>4370</string>
                <key>Image</key>
                <dict>
                    <key>value</key>
                    <string>2314</string>
                </dict>
            </dict>
            <dict>
                <key>id</key>
                <string>4379</string>
                <key>Image</key>
                <dict>
                    <key>value</key>
                    <string>2314</string>
                </dict>
            </dict>
            <dict>
                <key>id</key>
                <string>4388</string>
                <key>Image</key>
                <dict>
                    <key>value</key>
                    <string>2314</string>
                </dict>
            </dict>
            <dict>
                <key>id</key>
                <string>4397</string>
                <key>Image</key>
                <dict>
                    <key>value</key>
                    <string>2314</string>
                </dict>
            </dict>
            <dict>
                <key>id</key>
                <string>4406</string>
                <key>Image</key>
                <dict>
                    <key>value</key>
                    <string>2314</string>
                </dict>
            </dict>
            <dict>
                <key>id</key>
                <string>4415</string>
                <key>Image</key>
                <dict>
                    <key>value</key>
                    <string>2314</string>
                </dict>
            </dict>
            <dict>
                <key>id</key>
                <string>4424</string>
                <key>Image</key>
                <dict>
                    <key>value</key>
                    <string>2314</string>
                </dict>
            </dict>
            <dict>
                <key>id</key>
                <string>4433</string>
                <key>Image</key>
                <dict>
                    <key>value</key>
                    <string>2314</string>
                </dict>
            </dict>
            <dict>
                <key>id</key>
                <string>4442</string>
                <key>Image</key>
                <dict>
                    <key>value</key>
                    <string>2314</string>
                </dict>
            </dict>
            <dict>
                <key>id</key>
                <string>4451</string>
                <key>Image</key>
                <dict>
                    <key>value</key>
                    <string>2314</string>
                </dict>
            </dict>
            <dict>
                <key>id</key>
                <string>4460</string>
                <key>Image</key>
                <dict>
                    <key>value</key>
                    <string>2314</string>
                </dict>
            </dict>
            <dict>
                <key>id</key>
                <string>4469</string>
                <key>Image</key>
                <dict>
                    <key>value</key>
                    <string>2314</string>
                </dict>
            </dict>
            <dict>
                <key>id</key>
                <string>4478</string>
                <key>Image</key>
                <dict>
                    <key>value</key>
                    <string>2314</string>
                </dict>
            </dict>
            <dict>
                <key>id</key>
                <string>4487</string>
                <key>Image</key>
                <dict>
                    <key>value</key>
                    <string>2314</string>
                </dict>
            </dict>
            <dict>
                <key>id</key>
                <string>4496</string>
                <key>Image</key>
                <dict>
                    <key>value</key>
                    <string>2314</string>
                </dict>
            </dict>
            <dict>
                <key>id</key>
                <string>4505</string>
                <key>Image</key>
                <dict>
                    <key>value</key>
                    <string>2314</string>
                </dict>
            </dict>
            <dict>
                <key>id</key>
                <string>4514</string>
                <key>Image</key>
                <dict>
                    <key>value</key>
                    <string>2314</string>
                </dict>
            </dict>
            <dict>
                <key>id</key>
                <string>4527</string>
                <key>Image</key>
                <dict>
                    <key>value</key>
                    <string>2314</string>
                </dict>
            </dict>
            <dict>
                <key>id</key>
                <string>4536</string>
                <key>Image</key>
                <dict>
                    <key>value</key>
                    <string>2314</string>
                </dict>
            </dict>
            <dict>
                <key>id</key>
                <string>4545</string>
                <key>Image</key>
                <dict>
                    <key>value</key>
                    <string>2314</string>
                </dict>
            </dict>
            <dict>
                <key>id</key>
                <string>4555</string>
                <key>Image</key>
                <dict>
                    <key>value</key>
                    <string>2314</string>
                </dict>
            </dict>
            <dict>
                <key>id</key>
                <string>4564</string>
                <key>Image</key>
                <dict>
                    <key>value</key>
                    <string>2314</string>
                </dict>
            </dict>
            <dict>
                <key>id</key>
                <string>4573</string>
                <key>Image</key>
                <dict>
                    <key>value</key>
                    <string>2314</string>
                </dict>
            </dict>
            <dict>
                <key>id</key>
                <string>4582</string>
                <key>Image</key>
                <dict>
                    <key>value</key>
                    <string>2314</string>
                </dict>
            </dict>
            <dict>
                <key>id</key>
                <string>4594</string>
                <key>Image</key>
                <dict>
                    <key>value</key>
                    <string>2314</string>
                </dict>
            </dict>
            <dict>
                <key>id</key>
                <string>4603</string>
                <key>Image</key>
                <dict>
                    <key>value</key>
                    <string>2314</string>
                </dict>
            </dict>
            <dict>
                <key>id</key>
                <string>4612</string>
                <key>Image</key>
                <dict>
                    <key>value</key>
                    <string>2314</string>
                </dict>
            </dict>
            <dict>
                <key>id</key>
                <string>4621</string>
                <key>Image</key>
                <dict>
                    <key>value</key>
                    <string>2314</string>
                </dict>
            </dict>
            <dict>
                <key>id</key>
                <string>4630</string>
                <key>Image</key>
                <dict>
                    <key>value</key>
                    <string>2314</string>
                </dict>
            </dict>
            <dict>
                <key>id</key>
                <string>4639</string>
                <key>Image</key>
                <dict>
                    <key>value</key>
                    <string>2314</string>
                </dict>
            </dict>
            <dict>
                <key>id</key>
                <string>4648</string>
                <key>Image</key>
                <dict>
                    <key>value</key>
                    <string>2314</string>
                </dict>
            </dict>
            <dict>
                <key>id</key>
                <string>4657</string>
                <key>Image</key>
                <dict>
                    <key>value</key>
                    <string>2314</string>
                </dict>
            </dict>
            <dict>
                <key>id</key>
                <string>4666</string>
                <key>Image</key>
                <dict>
                    <key>value</key>
                    <string>2314</string>
                </dict>
            </dict>
            <dict>
                <key>id</key>
                <string>4675</string>
                <key>Image</key>
                <dict>
                    <key>value</key>
                    <string>2314</string>
                </dict>
            </dict>
            <dict>
                <key>id</key>
                <string>4684</string>
                <key>Image</key>
                <dict>
                    <key>value</key>
                    <string>2314</string>
                </dict>
            </dict>
            <dict>
                <key>id</key>
                <string>4693</string>
                <key>Image</key>
                <dict>
                    <key>value</key>
                    <string>2314</string>
                </dict>
            </dict>
            <dict>
                <key>id</key>
                <string>4702</string>
                <key>Image</key>
                <dict>
                    <key>value</key>
                    <string>2314</string>
                </dict>
            </dict>
            <dict>
                <key>id</key>
                <string>4711</string>
                <key>Image</key>
                <dict>
                    <key>value</key>
                    <string>2314</string>
                </dict>
            </dict>
            <dict>
                <key>id</key>
                <string>4720</string>
                <key>Image</key>
                <dict>
                    <key>value</key>
                    <string>2314</string>
                </dict>
            </dict>
            <dict>
                <key>id</key>
                <string>4737</string>
                <key>Image</key>
                <dict>
                    <key>value</key>
                    <string>2314</string>
                </dict>
            </dict>
            <dict>
                <key>id</key>
                <string>4782</string>
                <key>Image</key>
                <dict>
                    <key>value</key>
                    <string>2314</string>
                </dict>
            </dict>
            <dict>
                <key>id</key>
                <string>4794</string>
                <key>Image</key>
                <dict>
                    <key>value</key>
                    <string>2314</string>
                </dict>
            </dict>
            <dict>
                <key>id</key>
                <string>4863</string>
                <key>Image</key>
                <dict>
                    <key>value</key>
                    <string>4858</string>
                </dict>
            </dict>
            <dict>
                <key>id</key>
                <string>4896</string>
                <key>Image</key>
                <dict>
                    <key>value</key>
                    <string>2314</string>
                </dict>
            </dict>
            <dict>
                <key>id</key>
                <string>4905</string>
                <key>Image</key>
                <dict>
                    <key>value</key>
                    <string>2314</string>
                </dict>
            </dict>
            <dict>
                <key>id</key>
                <string>4917</string>
                <key>Image</key>
                <dict>
                    <key>value</key>
                    <string>2314</string>
                </dict>
            </dict>
            <dict>
                <key>id</key>
                <string>4933</string>
                <key>Image</key>
                <dict>
                    <key>value</key>
                    <string>4923</string>
                </dict>
            </dict>
            <dict>
                <key>id</key>
                <string>4947</string>
                <key>Image</key>
                <dict>
                    <key>value</key>
                    <string>2314</string>
                </dict>
            </dict>
            <dict>
                <key>id</key>
                <string>4956</string>
                <key>Image</key>
                <dict>
                    <key>value</key>
                    <string>2314</string>
                </dict>
            </dict>
            <dict>
                <key>id</key>
                <string>4971</string>
                <key>Image</key>
                <dict>
                    <key>value</key>
                    <string>2314</string>
                </dict>
            </dict>
            <dict>
                <key>id</key>
                <string>5060</string>
                <key>Image</key>
                <dict>
                    <key>value</key>
                    <string>5048</string>
                </dict>
            </dict>
            <dict>
                <key>id</key>
                <string>5079</string>
                <key>Image</key>
                <dict>
                    <key>value</key>
                    <string>2314</string>
                </dict>
            </dict>
            <dict>
                <key>id</key>
                <string>5088</string>
                <key>Image</key>
                <dict>
                    <key>value</key>
                    <string>2314</string>
                </dict>
            </dict>
            <dict>
                <key>id</key>
                <string>5097</string>
                <key>Image</key>
                <dict>
                    <key>value</key>
                    <string>2314</string>
                </dict>
            </dict>
            <dict>
                <key>id</key>
                <string>5106</string>
                <key>Image</key>
                <dict>
                    <key>value</key>
                    <string>2314</string>
                </dict>
            </dict>
            <dict>
                <key>id</key>
                <string>5161</string>
                <key>Image</key>
                <dict>
                    <key>value</key>
                    <string>5156</string>
                </dict>
            </dict>
            <dict>
                <key>id</key>
                <string>5171</string>
                <key>Image</key>
                <dict>
                    <key>value</key>
                    <string>2314</string>
                </dict>
            </dict>
            <dict>
                <key>id</key>
                <string>5180</string>
                <key>Image</key>
                <dict>
                    <key>value</key>
                    <string>2314</string>
                </dict>
            </dict>
            <dict>
                <key>id</key>
                <string>5189</string>
                <key>Image</key>
                <dict>
                    <key>value</key>
                    <string>2314</string>
                </dict>
            </dict>
            <dict>
                <key>id</key>
                <string>5198</string>
                <key>Image</key>
                <dict>
                    <key>value</key>
                    <string>2314</string>
                </dict>
            </dict>
            <dict>
                <key>id</key>
                <string>5207</string>
                <key>Image</key>
                <dict>
                    <key>value</key>
                    <string>2314</string>
                </dict>
            </dict>
            <dict>
                <key>id</key>
                <string>5216</string>
                <key>Image</key>
                <dict>
                    <key>value</key>
                    <string>2314</string>
                </dict>
            </dict>
            <dict>
                <key>id</key>
                <string>5225</string>
                <key>Image</key>
                <dict>
                    <key>value</key>
                    <string>2314</string>
                </dict>
            </dict>
            <dict>
                <key>id</key>
                <string>5248</string>
                <key>Image</key>
                <dict>
                    <key>value</key>
                    <string>2314</string>
                </dict>
            </dict>
            <dict>
                <key>id</key>
                <string>5259</string>
                <key>Image</key>
                <dict>
                    <key>value</key>
                    <string>2314</string>
                </dict>
            </dict>
            <dict>
                <key>id</key>
                <string>5317</string>
                <key>Image</key>
                <dict>
                    <key>value</key>
                    <string>2314</string>
                </dict>
            </dict>
            <dict>
                <key>id</key>
                <string>5327</string>
                <key>Image</key>
                <dict>
                    <key>value</key>
                    <string>2314</string>
                </dict>
            </dict>
            <dict>
                <key>id</key>
                <string>5336</string>
                <key>Image</key>
                <dict>
                    <key>value</key>
                    <string>2314</string>
                </dict>
            </dict>
            <dict>
                <key>id</key>
                <string>5384</string>
                <key>Image</key>
                <dict>
                    <key>value</key>
                    <string>2314</string>
                </dict>
            </dict>
            <dict>
                <key>id</key>
                <string>5503</string>
                <key>Image</key>
                <dict>
                    <key>value</key>
                    <string>2314</string>
                </dict>
            </dict>
            <dict>
                <key>id</key>
                <string>5710</string>
                <key>Image</key>
                <dict>
                    <key>value</key>
                    <string>2314</string>
                </dict>
            </dict>
            <dict>
                <key>id</key>
                <string>5779</string>
                <key>Image</key>
                <dict>
                    <key>value</key>
                    <string>2314</string>
                </dict>
            </dict>
            <dict>
                <key>id</key>
                <string>5788</string>
                <key>Image</key>
                <dict>
                    <key>value</key>
                    <string>2314</string>
                </dict>
            </dict>
            <dict>
                <key>id</key>
                <string>5962</string>
                <key>Image</key>
                <dict>
                    <key>value</key>
                    <string>2314</string>
                </dict>
            </dict>
            <dict>
                <key>id</key>
                <string>5971</string>
                <key>Image</key>
                <dict>
                    <key>value</key>
                    <string>2314</string>
                </dict>
            </dict>
            <dict>
                <key>id</key>
                <string>5980</string>
                <key>Image</key>
                <dict>
                    <key>value</key>
                    <string>2314</string>
                </dict>
            </dict>
            <dict>
                <key>id</key>
                <string>5989</string>
                <key>Image</key>
                <dict>
                    <key>value</key>
                    <string>2314</string>
                </dict>
            </dict>
            <dict>
                <key>id</key>
                <string>5998</string>
                <key>Image</key>
                <dict>
                    <key>value</key>
                    <string>2314</string>
                </dict>
            </dict>
            <dict>
                <key>id</key>
                <string>6007</string>
                <key>Image</key>
                <dict>
                    <key>value</key>
                    <string>2314</string>
                </dict>
            </dict>
            <dict>
                <key>id</key>
                <string>6016</string>
                <key>Image</key>
                <dict>
                    <key>value</key>
                    <string>2314</string>
                </dict>
            </dict>
            <dict>
                <key>id</key>
                <string>6025</string>
                <key>Image</key>
                <dict>
                    <key>value</key>
                    <string>2314</string>
                </dict>
            </dict>
            <dict>
                <key>id</key>
                <string>6034</string>
                <key>Image</key>
                <dict>
                    <key>value</key>
                    <string>2314</string>
                </dict>
            </dict>
            <dict>
                <key>id</key>
                <string>6043</string>
                <key>Image</key>
                <dict>
                    <key>value</key>
                    <string>2314</string>
                </dict>
            </dict>
            <dict>
                <key>id</key>
                <string>6052</string>
                <key>Image</key>
                <dict>
                    <key>value</key>
                    <string>2314</string>
                </dict>
            </dict>
            <dict>
                <key>id</key>
                <string>6061</string>
                <key>Image</key>
                <dict>
                    <key>value</key>
                    <string>2314</string>
                </dict>
            </dict>
            <dict>
                <key>id</key>
                <string>6070</string>
                <key>Image</key>
                <dict>
                    <key>value</key>
                    <string>2314</string>
                </dict>
            </dict>
            <dict>
                <key>id</key>
                <string>6079</string>
                <key>Image</key>
                <dict>
                    <key>value</key>
                    <string>2314</string>
                </dict>
            </dict>
            <dict>
                <key>id</key>
                <string>6088</string>
                <key>Image</key>
                <dict>
                    <key>value</key>
                    <string>2314</string>
                </dict>
            </dict>
            <dict>
                <key>id</key>
                <string>6109</string>
                <key>Image</key>
                <dict>
                    <key>value</key>
                    <string>2314</string>
                </dict>
            </dict>
            <dict>
                <key>id</key>
                <string>6118</string>
                <key>Image</key>
                <dict>
                    <key>value</key>
                    <string>2314</string>
                </dict>
            </dict>
            <dict>
                <key>id</key>
                <string>6164</string>
                <key>Image</key>
                <dict>
                    <key>value</key>
                    <string>2314</string>
                </dict>
            </dict>
            <dict>
                <key>id</key>
                <string>6173</string>
                <key>Image</key>
                <dict>
                    <key>value</key>
                    <string>2314</string>
                </dict>
            </dict>
            <dict>
                <key>id</key>
                <string>6271</string>
                <key>Image</key>
                <dict>
                    <key>value</key>
                    <string>2314</string>
                </dict>
            </dict>
            <dict>
                <key>id</key>
                <string>6280</string>
                <key>Image</key>
                <dict>
                    <key>value</key>
                    <string>2314</string>
                </dict>
            </dict>
            <dict>
                <key>id</key>
                <string>6289</string>
                <key>Image</key>
                <dict>
                    <key>value</key>
                    <string>2314</string>
                </dict>
            </dict>
            <dict>
                <key>id</key>
                <string>6298</string>
                <key>Image</key>
                <dict>
                    <key>value</key>
                    <string>2314</string>
                </dict>
            </dict>
            <dict>
                <key>id</key>
                <string>6309</string>
                <key>Image</key>
                <dict>
                    <key>value</key>
                    <string>2314</string>
                </dict>
            </dict>
            <dict>
                <key>id</key>
                <string>6318</string>
                <key>Image</key>
                <dict>
                    <key>value</key>
                    <string>2314</string>
                </dict>
            </dict>
            <dict>
                <key>id</key>
                <string>6408</string>
                <key>Image</key>
                <dict>
                    <key>value</key>
                    <string>2314</string>
                </dict>
            </dict>
            <dict>
                <key>id</key>
                <string>6417</string>
                <key>Image</key>
                <dict>
                    <key>value</key>
                    <string>2314</string>
                </dict>
            </dict>
            <dict>
                <key>id</key>
                <string>6537</string>
                <key>Image</key>
                <dict>
                    <key>value</key>
                    <string>6532</string>
                </dict>
            </dict>
            <dict>
                <key>id</key>
                <string>6547</string>
                <key>Image</key>
                <dict>
                    <key>value</key>
                    <string>2314</string>
                </dict>
            </dict>
            <dict>
                <key>id</key>
                <string>6556</string>
                <key>Image</key>
                <dict>
                    <key>value</key>
                    <string>2314</string>
                </dict>
            </dict>
            <dict>
                <key>id</key>
                <string>6566</string>
                <key>Image</key>
                <dict>
                    <key>value</key>
                    <string>6561</string>
                </dict>
            </dict>
            <dict>
                <key>id</key>
                <string>6586</string>
                <key>Image</key>
                <dict>
                    <key>value</key>
                    <string>2314</string>
                </dict>
            </dict>
            <dict>
                <key>id</key>
                <string>6595</string>
                <key>Image</key>
                <dict>
                    <key>value</key>
                    <string>2314</string>
                </dict>
            </dict>
            <dict>
                <key>id</key>
                <string>6604</string>
                <key>Image</key>
                <dict>
                    <key>value</key>
                    <string>2314</string>
                </dict>
            </dict>
            <dict>
                <key>id</key>
                <string>6613</string>
                <key>Image</key>
                <dict>
                    <key>value</key>
                    <string>2314</string>
                </dict>
            </dict>
            <dict>
                <key>id</key>
                <string>6638</string>
                <key>Image</key>
                <dict>
                    <key>value</key>
                    <string>2314</string>
                </dict>
            </dict>
            <dict>
                <key>id</key>
                <string>6689</string>
                <key>Image</key>
                <dict>
                    <key>value</key>
                    <string>2314</string>
                </dict>
            </dict>
            <dict>
                <key>id</key>
                <string>6739</string>
                <key>Image</key>
                <dict>
                    <key>value</key>
                    <string>2314</string>
                </dict>
            </dict>
            <dict>
                <key>id</key>
                <string>6748</string>
                <key>Image</key>
                <dict>
                    <key>value</key>
                    <string>2314</string>
                </dict>
            </dict>
            <dict>
                <key>id</key>
                <string>6770</string>
                <key>Image</key>
                <dict>
                    <key>value</key>
                    <string>2314</string>
                </dict>
            </dict>
            <dict>
                <key>id</key>
                <string>6779</string>
                <key>Image</key>
                <dict>
                    <key>value</key>
                    <string>2314</string>
                </dict>
            </dict>
            <dict>
                <key>id</key>
                <string>6788</string>
                <key>Image</key>
                <dict>
                    <key>value</key>
                    <string>2314</string>
                </dict>
            </dict>
            <dict>
                <key>id</key>
                <string>6837</string>
                <key>Image</key>
                <dict>
                    <key>value</key>
                    <string>2314</string>
                </dict>
            </dict>
            <dict>
                <key>id</key>
                <string>6847</string>
                <key>Image</key>
                <dict>
                    <key>value</key>
                    <string>2314</string>
                </dict>
            </dict>
            <dict>
                <key>id</key>
                <string>6856</string>
                <key>Image</key>
                <dict>
                    <key>value</key>
                    <string>6852</string>
                </dict>
            </dict>
            <dict>
                <key>id</key>
                <string>6873</string>
                <key>Image</key>
                <dict>
                    <key>value</key>
                    <string>2314</string>
                </dict>
            </dict>
            <dict>
                <key>id</key>
                <string>6882</string>
                <key>Image</key>
                <dict>
                    <key>value</key>
                    <string>2314</string>
                </dict>
            </dict>
            <dict>
                <key>id</key>
                <string>6891</string>
                <key>Image</key>
                <dict>
                    <key>value</key>
                    <string>2314</string>
                </dict>
            </dict>
            <dict>
                <key>id</key>
                <string>6900</string>
                <key>Image</key>
                <dict>
                    <key>value</key>
                    <string>2314</string>
                </dict>
            </dict>
            <dict>
                <key>id</key>
                <string>6909</string>
                <key>Image</key>
                <dict>
                    <key>value</key>
                    <string>2314</string>
                </dict>
            </dict>
            <dict>
                <key>id</key>
                <string>6918</string>
                <key>Image</key>
                <dict>
                    <key>value</key>
                    <string>2314</string>
                </dict>
            </dict>
            <dict>
                <key>id</key>
                <string>6927</string>
                <key>Image</key>
                <dict>
                    <key>value</key>
                    <string>2314</string>
                </dict>
            </dict>
            <dict>
                <key>id</key>
                <string>6936</string>
                <key>Image</key>
                <dict>
                    <key>value</key>
                    <string>2314</string>
                </dict>
            </dict>
            <dict>
                <key>id</key>
                <string>6945</string>
                <key>Image</key>
                <dict>
                    <key>value</key>
                    <string>2314</string>
                </dict>
            </dict>
            <dict>
                <key>id</key>
                <string>6954</string>
                <key>Image</key>
                <dict>
                    <key>value</key>
                    <string>2314</string>
                </dict>
            </dict>
            <dict>
                <key>id</key>
                <string>6963</string>
                <key>Image</key>
                <dict>
                    <key>value</key>
                    <string>2314</string>
                </dict>
            </dict>
            <dict>
                <key>id</key>
                <string>7014</string>
                <key>Image</key>
                <dict>
                    <key>value</key>
                    <string>2314</string>
                </dict>
            </dict>
            <dict>
                <key>id</key>
                <string>7023</string>
                <key>Image</key>
                <dict>
                    <key>value</key>
                    <string>2314</string>
                </dict>
            </dict>
            <dict>
                <key>id</key>
                <string>7032</string>
                <key>Image</key>
                <dict>
                    <key>value</key>
                    <string>2314</string>
                </dict>
            </dict>
            <dict>
                <key>id</key>
                <string>7053</string>
                <key>Image</key>
                <dict>
                    <key>value</key>
                    <string>2314</string>
                </dict>
            </dict>
            <dict>
                <key>id</key>
                <string>7062</string>
                <key>Image</key>
                <dict>
                    <key>value</key>
                    <string>2314</string>
                </dict>
            </dict>
            <dict>
                <key>id</key>
                <string>7071</string>
                <key>Image</key>
                <dict>
                    <key>value</key>
                    <string>2314</string>
                </dict>
            </dict>
            <dict>
                <key>id</key>
                <string>7082</string>
                <key>Image</key>
                <dict>
                    <key>value</key>
                    <string>2314</string>
                </dict>
            </dict>
            <dict>
                <key>id</key>
                <string>7091</string>
                <key>Image</key>
                <dict>
                    <key>value</key>
                    <string>2314</string>
                </dict>
            </dict>
            <dict>
                <key>id</key>
                <string>7100</string>
                <key>Image</key>
                <dict>
                    <key>value</key>
                    <string>2314</string>
                </dict>
            </dict>
            <dict>
                <key>id</key>
                <string>7109</string>
                <key>Image</key>
                <dict>
                    <key>value</key>
                    <string>2314</string>
                </dict>
            </dict>
            <dict>
                <key>id</key>
                <string>7118</string>
                <key>Image</key>
                <dict>
                    <key>value</key>
                    <string>2314</string>
                </dict>
            </dict>
            <dict>
                <key>id</key>
                <string>7127</string>
                <key>Image</key>
                <dict>
                    <key>value</key>
                    <string>2314</string>
                </dict>
            </dict>
            <dict>
                <key>id</key>
                <string>7136</string>
                <key>Image</key>
                <dict>
                    <key>value</key>
                    <string>2314</string>
                </dict>
            </dict>
            <dict>
                <key>id</key>
                <string>7145</string>
                <key>Image</key>
                <dict>
                    <key>value</key>
                    <string>2314</string>
                </dict>
            </dict>
            <dict>
                <key>id</key>
                <string>7154</string>
                <key>Image</key>
                <dict>
                    <key>value</key>
                    <string>2314</string>
                </dict>
            </dict>
            <dict>
                <key>id</key>
                <string>7163</string>
                <key>Image</key>
                <dict>
                    <key>value</key>
                    <string>2314</string>
                </dict>
            </dict>
            <dict>
                <key>id</key>
                <string>7172</string>
                <key>Image</key>
                <dict>
                    <key>value</key>
                    <string>2314</string>
                </dict>
            </dict>
            <dict>
                <key>id</key>
                <string>7181</string>
                <key>Image</key>
                <dict>
                    <key>value</key>
                    <string>2314</string>
                </dict>
            </dict>
        </array>
    </dict>
</plist>
