<?xml version="1.0" encoding="UTF-8"?>
<!DOCTYPE plist PUBLIC "-//Apple//DTD PLIST 1.0//EN" "http://www.apple.com/DTDs/PropertyList-1.0.dtd"/>

<plist version="1.0">
    <dict>
        <key>ROOT</key>
        <array>
            <dict>
                <key>id</key>
                <string>2330</string>
            </dict>
            <dict>
                <key>id</key>
                <string>2340</string>
            </dict>
            <dict>
                <key>id</key>
                <string>2349</string>
            </dict>
            <dict>
                <key>id</key>
                <string>2358</string>
            </dict>
            <dict>
                <key>id</key>
                <string>2403</string>
            </dict>
            <dict>
                <key>id</key>
                <string>2412</string>
            </dict>
            <dict>
                <key>id</key>
                <string>2436</string>
            </dict>
            <dict>
                <key>id</key>
                <string>2445</string>
            </dict>
            <dict>
                <key>id</key>
                <string>2454</string>
            </dict>
            <dict>
                <key>id</key>
                <string>2463</string>
            </dict>
            <dict>
                <key>id</key>
                <string>2472</string>
            </dict>
            <dict>
                <key>id</key>
                <string>2481</string>
            </dict>
            <dict>
                <key>id</key>
                <string>2490</string>
            </dict>
            <dict>
                <key>id</key>
                <string>2514</string>
            </dict>
            <dict>
                <key>id</key>
                <string>2523</string>
            </dict>
            <dict>
                <key>id</key>
                <string>2548</string>
            </dict>
            <dict>
                <key>id</key>
                <string>2622</string>
            </dict>
            <dict>
                <key>id</key>
                <string>2631</string>
            </dict>
            <dict>
                <key>id</key>
                <string>2640</string>
            </dict>
            <dict>
                <key>id</key>
                <string>2649</string>
            </dict>
            <dict>
                <key>id</key>
                <string>2658</string>
            </dict>
            <dict>
                <key>id</key>
                <string>2667</string>
            </dict>
            <dict>
                <key>id</key>
                <string>2676</string>
            </dict>
            <dict>
                <key>id</key>
                <string>2685</string>
            </dict>
            <dict>
                <key>id</key>
                <string>2694</string>
            </dict>
            <dict>
                <key>id</key>
                <string>2703</string>
            </dict>
            <dict>
                <key>id</key>
                <string>2712</string>
            </dict>
            <dict>
                <key>id</key>
                <string>2721</string>
            </dict>
            <dict>
                <key>id</key>
                <string>2730</string>
            </dict>
            <dict>
                <key>id</key>
                <string>2739</string>
            </dict>
            <dict>
                <key>id</key>
                <string>2748</string>
            </dict>
            <dict>
                <key>id</key>
                <string>2757</string>
            </dict>
            <dict>
                <key>id</key>
                <string>2766</string>
            </dict>
            <dict>
                <key>id</key>
                <string>2775</string>
            </dict>
            <dict>
                <key>id</key>
                <string>2784</string>
            </dict>
            <dict>
                <key>id</key>
                <string>2793</string>
            </dict>
            <dict>
                <key>id</key>
                <string>2802</string>
            </dict>
            <dict>
                <key>id</key>
                <string>2811</string>
            </dict>
            <dict>
                <key>id</key>
                <string>2820</string>
            </dict>
            <dict>
                <key>id</key>
                <string>2829</string>
            </dict>
            <dict>
                <key>id</key>
                <string>2838</string>
            </dict>
            <dict>
                <key>id</key>
                <string>2847</string>
            </dict>
            <dict>
                <key>id</key>
                <string>2856</string>
            </dict>
            <dict>
                <key>id</key>
                <string>2865</string>
            </dict>
            <dict>
                <key>id</key>
                <string>2874</string>
            </dict>
            <dict>
                <key>id</key>
                <string>2883</string>
            </dict>
            <dict>
                <key>id</key>
                <string>2892</string>
            </dict>
            <dict>
                <key>id</key>
                <string>2901</string>
            </dict>
            <dict>
                <key>id</key>
                <string>2910</string>
            </dict>
            <dict>
                <key>id</key>
                <string>2919</string>
            </dict>
            <dict>
                <key>id</key>
                <string>2928</string>
            </dict>
            <dict>
                <key>id</key>
                <string>2937</string>
            </dict>
            <dict>
                <key>id</key>
                <string>2946</string>
            </dict>
            <dict>
                <key>id</key>
                <string>2955</string>
            </dict>
            <dict>
                <key>id</key>
                <string>2964</string>
            </dict>
            <dict>
                <key>id</key>
                <string>2973</string>
            </dict>
            <dict>
                <key>id</key>
                <string>2982</string>
            </dict>
            <dict>
                <key>id</key>
                <string>2991</string>
            </dict>
            <dict>
                <key>id</key>
                <string>3000</string>
            </dict>
            <dict>
                <key>id</key>
                <string>3009</string>
            </dict>
            <dict>
                <key>id</key>
                <string>3018</string>
            </dict>
            <dict>
                <key>id</key>
                <string>3027</string>
            </dict>
            <dict>
                <key>id</key>
                <string>3036</string>
            </dict>
            <dict>
                <key>id</key>
                <string>3045</string>
            </dict>
            <dict>
                <key>id</key>
                <string>3054</string>
            </dict>
            <dict>
                <key>id</key>
                <string>3063</string>
            </dict>
            <dict>
                <key>id</key>
                <string>3072</string>
            </dict>
            <dict>
                <key>id</key>
                <string>3081</string>
            </dict>
            <dict>
                <key>id</key>
                <string>3090</string>
            </dict>
            <dict>
                <key>id</key>
                <string>3099</string>
            </dict>
            <dict>
                <key>id</key>
                <string>3108</string>
            </dict>
            <dict>
                <key>id</key>
                <string>3117</string>
            </dict>
            <dict>
                <key>id</key>
                <string>3126</string>
            </dict>
            <dict>
                <key>id</key>
                <string>3135</string>
            </dict>
            <dict>
                <key>id</key>
                <string>3144</string>
            </dict>
            <dict>
                <key>id</key>
                <string>3153</string>
            </dict>
            <dict>
                <key>id</key>
                <string>3162</string>
            </dict>
            <dict>
                <key>id</key>
                <string>3171</string>
            </dict>
            <dict>
                <key>id</key>
                <string>3197</string>
            </dict>
            <dict>
                <key>id</key>
                <string>3206</string>
            </dict>
            <dict>
                <key>id</key>
                <string>3215</string>
            </dict>
            <dict>
                <key>id</key>
                <string>3249</string>
            </dict>
            <dict>
                <key>id</key>
                <string>3258</string>
            </dict>
            <dict>
                <key>id</key>
                <string>3267</string>
            </dict>
            <dict>
                <key>id</key>
                <string>3276</string>
            </dict>
            <dict>
                <key>id</key>
                <string>3285</string>
            </dict>
            <dict>
                <key>id</key>
                <string>3297</string>
            </dict>
            <dict>
                <key>id</key>
                <string>3306</string>
            </dict>
            <dict>
                <key>id</key>
                <string>3315</string>
            </dict>
            <dict>
                <key>id</key>
                <string>3324</string>
            </dict>
            <dict>
                <key>id</key>
                <string>3333</string>
            </dict>
            <dict>
                <key>id</key>
                <string>3342</string>
            </dict>
            <dict>
                <key>id</key>
                <string>3351</string>
            </dict>
            <dict>
                <key>id</key>
                <string>3360</string>
            </dict>
            <dict>
                <key>id</key>
                <string>3372</string>
            </dict>
            <dict>
                <key>id</key>
                <string>3390</string>
            </dict>
            <dict>
                <key>id</key>
                <string>3399</string>
            </dict>
            <dict>
                <key>id</key>
                <string>3416</string>
            </dict>
            <dict>
                <key>id</key>
                <string>3425</string>
            </dict>
            <dict>
                <key>id</key>
                <string>3475</string>
            </dict>
            <dict>
                <key>id</key>
                <string>3484</string>
            </dict>
            <dict>
                <key>id</key>
                <string>3493</string>
            </dict>
            <dict>
                <key>id</key>
                <string>3502</string>
            </dict>
            <dict>
                <key>id</key>
                <string>3511</string>
            </dict>
            <dict>
                <key>id</key>
                <string>3520</string>
            </dict>
            <dict>
                <key>id</key>
                <string>3604</string>
            </dict>
            <dict>
                <key>id</key>
                <string>3613</string>
            </dict>
            <dict>
                <key>id</key>
                <string>3622</string>
            </dict>
            <dict>
                <key>id</key>
                <string>3631</string>
            </dict>
            <dict>
                <key>id</key>
                <string>3640</string>
            </dict>
            <dict>
                <key>id</key>
                <string>3649</string>
            </dict>
            <dict>
                <key>id</key>
                <string>3658</string>
            </dict>
            <dict>
                <key>id</key>
                <string>3667</string>
            </dict>
            <dict>
                <key>id</key>
                <string>3676</string>
            </dict>
            <dict>
                <key>id</key>
                <string>3818</string>
            </dict>
            <dict>
                <key>id</key>
                <string>3827</string>
            </dict>
            <dict>
                <key>id</key>
                <string>3836</string>
            </dict>
            <dict>
                <key>id</key>
                <string>3860</string>
            </dict>
            <dict>
                <key>id</key>
                <string>3914</string>
            </dict>
            <dict>
                <key>id</key>
                <string>3923</string>
            </dict>
            <dict>
                <key>id</key>
                <string>3932</string>
            </dict>
            <dict>
                <key>id</key>
                <string>3952</string>
            </dict>
            <dict>
                <key>id</key>
                <string>3962</string>
            </dict>
            <dict>
                <key>id</key>
                <string>3971</string>
            </dict>
            <dict>
                <key>id</key>
                <string>3980</string>
            </dict>
            <dict>
                <key>id</key>
                <string>3989</string>
            </dict>
            <dict>
                <key>id</key>
                <string>3999</string>
            </dict>
            <dict>
                <key>id</key>
                <string>4008</string>
            </dict>
            <dict>
                <key>id</key>
                <string>4017</string>
            </dict>
            <dict>
                <key>id</key>
                <string>4026</string>
            </dict>
            <dict>
                <key>id</key>
                <string>4035</string>
            </dict>
            <dict>
                <key>id</key>
                <string>4044</string>
            </dict>
            <dict>
                <key>id</key>
                <string>4053</string>
            </dict>
            <dict>
                <key>id</key>
                <string>4062</string>
            </dict>
            <dict>
                <key>id</key>
                <string>4071</string>
            </dict>
            <dict>
                <key>id</key>
                <string>4080</string>
            </dict>
            <dict>
                <key>id</key>
                <string>4090</string>
            </dict>
            <dict>
                <key>id</key>
                <string>4108</string>
            </dict>
            <dict>
                <key>id</key>
                <string>4117</string>
            </dict>
            <dict>
                <key>id</key>
                <string>4126</string>
            </dict>
            <dict>
                <key>id</key>
                <string>4135</string>
            </dict>
            <dict>
                <key>id</key>
                <string>4144</string>
            </dict>
            <dict>
                <key>id</key>
                <string>4153</string>
            </dict>
            <dict>
                <key>id</key>
                <string>4162</string>
            </dict>
            <dict>
                <key>id</key>
                <string>4171</string>
            </dict>
            <dict>
                <key>id</key>
                <string>4180</string>
            </dict>
            <dict>
                <key>id</key>
                <string>4189</string>
            </dict>
            <dict>
                <key>id</key>
                <string>4198</string>
            </dict>
            <dict>
                <key>id</key>
                <string>4207</string>
            </dict>
            <dict>
                <key>id</key>
                <string>4218</string>
            </dict>
            <dict>
                <key>id</key>
                <string>4230</string>
            </dict>
            <dict>
                <key>id</key>
                <string>4275</string>
            </dict>
            <dict>
                <key>id</key>
                <string>4284</string>
            </dict>
            <dict>
                <key>id</key>
                <string>4293</string>
            </dict>
            <dict>
                <key>id</key>
                <string>4302</string>
            </dict>
            <dict>
                <key>id</key>
                <string>4311</string>
            </dict>
            <dict>
                <key>id</key>
                <string>4320</string>
            </dict>
            <dict>
                <key>id</key>
                <string>4329</string>
            </dict>
            <dict>
                <key>id</key>
                <string>4338</string>
            </dict>
            <dict>
                <key>id</key>
                <string>4347</string>
            </dict>
            <dict>
                <key>id</key>
                <string>4356</string>
            </dict>
            <dict>
                <key>id</key>
                <string>4365</string>
            </dict>
            <dict>
                <key>id</key>
                <string>4374</string>
            </dict>
            <dict>
                <key>id</key>
                <string>4383</string>
            </dict>
            <dict>
                <key>id</key>
                <string>4392</string>
            </dict>
            <dict>
                <key>id</key>
                <string>4401</string>
            </dict>
            <dict>
                <key>id</key>
                <string>4410</string>
            </dict>
            <dict>
                <key>id</key>
                <string>4419</string>
            </dict>
            <dict>
                <key>id</key>
                <string>4428</string>
            </dict>
            <dict>
                <key>id</key>
                <string>4437</string>
            </dict>
            <dict>
                <key>id</key>
                <string>4446</string>
            </dict>
            <dict>
                <key>id</key>
                <string>4455</string>
            </dict>
            <dict>
                <key>id</key>
                <string>4464</string>
            </dict>
            <dict>
                <key>id</key>
                <string>4473</string>
            </dict>
            <dict>
                <key>id</key>
                <string>4482</string>
            </dict>
            <dict>
                <key>id</key>
                <string>4491</string>
            </dict>
            <dict>
                <key>id</key>
                <string>4500</string>
            </dict>
            <dict>
                <key>id</key>
                <string>4509</string>
            </dict>
            <dict>
                <key>id</key>
                <string>4518</string>
            </dict>
            <dict>
                <key>id</key>
                <string>4531</string>
            </dict>
            <dict>
                <key>id</key>
                <string>4540</string>
            </dict>
            <dict>
                <key>id</key>
                <string>4549</string>
            </dict>
            <dict>
                <key>id</key>
                <string>4559</string>
            </dict>
            <dict>
                <key>id</key>
                <string>4568</string>
            </dict>
            <dict>
                <key>id</key>
                <string>4577</string>
            </dict>
            <dict>
                <key>id</key>
                <string>4586</string>
            </dict>
            <dict>
                <key>id</key>
                <string>4598</string>
            </dict>
            <dict>
                <key>id</key>
                <string>4607</string>
            </dict>
            <dict>
                <key>id</key>
                <string>4616</string>
            </dict>
            <dict>
                <key>id</key>
                <string>4625</string>
            </dict>
            <dict>
                <key>id</key>
                <string>4634</string>
            </dict>
            <dict>
                <key>id</key>
                <string>4643</string>
            </dict>
            <dict>
                <key>id</key>
                <string>4652</string>
            </dict>
            <dict>
                <key>id</key>
                <string>4661</string>
            </dict>
            <dict>
                <key>id</key>
                <string>4670</string>
            </dict>
            <dict>
                <key>id</key>
                <string>4679</string>
            </dict>
            <dict>
                <key>id</key>
                <string>4688</string>
            </dict>
            <dict>
                <key>id</key>
                <string>4697</string>
            </dict>
            <dict>
                <key>id</key>
                <string>4706</string>
            </dict>
            <dict>
                <key>id</key>
                <string>4715</string>
            </dict>
            <dict>
                <key>id</key>
                <string>4724</string>
            </dict>
            <dict>
                <key>id</key>
                <string>4741</string>
            </dict>
            <dict>
                <key>id</key>
                <string>4786</string>
            </dict>
            <dict>
                <key>id</key>
                <string>4798</string>
            </dict>
            <dict>
                <key>id</key>
                <string>4900</string>
            </dict>
            <dict>
                <key>id</key>
                <string>4909</string>
            </dict>
            <dict>
                <key>id</key>
                <string>4921</string>
            </dict>
            <dict>
                <key>id</key>
                <string>4951</string>
            </dict>
            <dict>
                <key>id</key>
                <string>4960</string>
            </dict>
            <dict>
                <key>id</key>
                <string>4975</string>
            </dict>
            <dict>
                <key>id</key>
                <string>5083</string>
            </dict>
            <dict>
                <key>id</key>
                <string>5092</string>
            </dict>
            <dict>
                <key>id</key>
                <string>5101</string>
            </dict>
            <dict>
                <key>id</key>
                <string>5110</string>
            </dict>
            <dict>
                <key>id</key>
                <string>5175</string>
            </dict>
            <dict>
                <key>id</key>
                <string>5184</string>
            </dict>
            <dict>
                <key>id</key>
                <string>5193</string>
            </dict>
            <dict>
                <key>id</key>
                <string>5202</string>
            </dict>
            <dict>
                <key>id</key>
                <string>5211</string>
            </dict>
            <dict>
                <key>id</key>
                <string>5220</string>
            </dict>
            <dict>
                <key>id</key>
                <string>5229</string>
            </dict>
            <dict>
                <key>id</key>
                <string>5252</string>
            </dict>
            <dict>
                <key>id</key>
                <string>5263</string>
            </dict>
            <dict>
                <key>id</key>
                <string>5321</string>
            </dict>
            <dict>
                <key>id</key>
                <string>5331</string>
            </dict>
            <dict>
                <key>id</key>
                <string>5340</string>
            </dict>
            <dict>
                <key>id</key>
                <string>5388</string>
            </dict>
            <dict>
                <key>id</key>
                <string>5507</string>
            </dict>
            <dict>
                <key>id</key>
                <string>5714</string>
            </dict>
            <dict>
                <key>id</key>
                <string>5783</string>
            </dict>
            <dict>
                <key>id</key>
                <string>5792</string>
            </dict>
            <dict>
                <key>id</key>
                <string>5966</string>
            </dict>
            <dict>
                <key>id</key>
                <string>5975</string>
            </dict>
            <dict>
                <key>id</key>
                <string>5984</string>
            </dict>
            <dict>
                <key>id</key>
                <string>5993</string>
            </dict>
            <dict>
                <key>id</key>
                <string>6002</string>
            </dict>
            <dict>
                <key>id</key>
                <string>6011</string>
            </dict>
            <dict>
                <key>id</key>
                <string>6020</string>
            </dict>
            <dict>
                <key>id</key>
                <string>6029</string>
            </dict>
            <dict>
                <key>id</key>
                <string>6038</string>
            </dict>
            <dict>
                <key>id</key>
                <string>6047</string>
            </dict>
            <dict>
                <key>id</key>
                <string>6056</string>
            </dict>
            <dict>
                <key>id</key>
                <string>6065</string>
            </dict>
            <dict>
                <key>id</key>
                <string>6074</string>
            </dict>
            <dict>
                <key>id</key>
                <string>6083</string>
            </dict>
            <dict>
                <key>id</key>
                <string>6092</string>
            </dict>
            <dict>
                <key>id</key>
                <string>6113</string>
            </dict>
            <dict>
                <key>id</key>
                <string>6122</string>
            </dict>
            <dict>
                <key>id</key>
                <string>6168</string>
            </dict>
            <dict>
                <key>id</key>
                <string>6177</string>
            </dict>
            <dict>
                <key>id</key>
                <string>6275</string>
            </dict>
            <dict>
                <key>id</key>
                <string>6284</string>
            </dict>
            <dict>
                <key>id</key>
                <string>6293</string>
            </dict>
            <dict>
                <key>id</key>
                <string>6302</string>
            </dict>
            <dict>
                <key>id</key>
                <string>6313</string>
            </dict>
            <dict>
                <key>id</key>
                <string>6322</string>
            </dict>
            <dict>
                <key>id</key>
                <string>6412</string>
            </dict>
            <dict>
                <key>id</key>
                <string>6421</string>
            </dict>
            <dict>
                <key>id</key>
                <string>6551</string>
            </dict>
            <dict>
                <key>id</key>
                <string>6560</string>
            </dict>
            <dict>
                <key>id</key>
                <string>6590</string>
            </dict>
            <dict>
                <key>id</key>
                <string>6599</string>
            </dict>
            <dict>
                <key>id</key>
                <string>6608</string>
            </dict>
            <dict>
                <key>id</key>
                <string>6617</string>
            </dict>
            <dict>
                <key>id</key>
                <string>6642</string>
            </dict>
            <dict>
                <key>id</key>
                <string>6693</string>
            </dict>
            <dict>
                <key>id</key>
                <string>6743</string>
            </dict>
            <dict>
                <key>id</key>
                <string>6752</string>
            </dict>
            <dict>
                <key>id</key>
                <string>6774</string>
            </dict>
            <dict>
                <key>id</key>
                <string>6783</string>
            </dict>
            <dict>
                <key>id</key>
                <string>6792</string>
            </dict>
            <dict>
                <key>id</key>
                <string>6841</string>
            </dict>
            <dict>
                <key>id</key>
                <string>6851</string>
            </dict>
            <dict>
                <key>id</key>
                <string>6877</string>
            </dict>
            <dict>
                <key>id</key>
                <string>6886</string>
            </dict>
            <dict>
                <key>id</key>
                <string>6895</string>
            </dict>
            <dict>
                <key>id</key>
                <string>6904</string>
            </dict>
            <dict>
                <key>id</key>
                <string>6913</string>
            </dict>
            <dict>
                <key>id</key>
                <string>6922</string>
            </dict>
            <dict>
                <key>id</key>
                <string>6931</string>
            </dict>
            <dict>
                <key>id</key>
                <string>6940</string>
            </dict>
            <dict>
                <key>id</key>
                <string>6949</string>
            </dict>
            <dict>
                <key>id</key>
                <string>6958</string>
            </dict>
            <dict>
                <key>id</key>
                <string>6967</string>
            </dict>
            <dict>
                <key>id</key>
                <string>7018</string>
            </dict>
            <dict>
                <key>id</key>
                <string>7027</string>
            </dict>
            <dict>
                <key>id</key>
                <string>7036</string>
            </dict>
            <dict>
                <key>id</key>
                <string>7057</string>
            </dict>
            <dict>
                <key>id</key>
                <string>7066</string>
            </dict>
            <dict>
                <key>id</key>
                <string>7075</string>
            </dict>
            <dict>
                <key>id</key>
                <string>7086</string>
            </dict>
            <dict>
                <key>id</key>
                <string>7095</string>
            </dict>
            <dict>
                <key>id</key>
                <string>7104</string>
            </dict>
            <dict>
                <key>id</key>
                <string>7113</string>
            </dict>
            <dict>
                <key>id</key>
                <string>7122</string>
            </dict>
            <dict>
                <key>id</key>
                <string>7131</string>
            </dict>
            <dict>
                <key>id</key>
                <string>7140</string>
            </dict>
            <dict>
                <key>id</key>
                <string>7149</string>
            </dict>
            <dict>
                <key>id</key>
                <string>7158</string>
            </dict>
            <dict>
                <key>id</key>
                <string>7167</string>
            </dict>
            <dict>
                <key>id</key>
                <string>7176</string>
            </dict>
            <dict>
                <key>id</key>
                <string>7185</string>
            </dict>
        </array>
    </dict>
</plist>
