<?xml version="1.0" encoding="UTF-8"?>
<!DOCTYPE plist PUBLIC "-//Apple//DTD PLIST 1.0//EN" "http://www.apple.com/DTDs/PropertyList-1.0.dtd"/>

<plist version="1.0">
    <dict>
        <key>ROOT</key>
        <array>
            <dict>
                <key>id</key>
                <string>117</string>
            </dict>
            <dict>
                <key>id</key>
                <string>1687</string>
            </dict>
            <dict>
                <key>id</key>
                <string>1696</string>
            </dict>
            <dict>
                <key>id</key>
                <string>1705</string>
            </dict>
            <dict>
                <key>id</key>
                <string>1783</string>
            </dict>
            <dict>
                <key>id</key>
                <string>1847</string>
            </dict>
            <dict>
                <key>id</key>
                <string>1869</string>
            </dict>
            <dict>
                <key>id</key>
                <string>2058</string>
            </dict>
            <dict>
                <key>id</key>
                <string>2139</string>
            </dict>
            <dict>
                <key>id</key>
                <string>2150</string>
            </dict>
        </array>
    </dict>
</plist>
