<?xml version="1.0" encoding="UTF-8"?>
<!DOCTYPE plist PUBLIC "-//Apple//DTD PLIST 1.0//EN" "http://www.apple.com/DTDs/PropertyList-1.0.dtd"/>

<plist version="1.0">
    <dict>
        <key>ROOT</key>
        <array>
            <dict>
                <key>id</key>
                <string>6178</string>
            </dict>
            <dict>
                <key>id</key>
                <string>6765</string>
            </dict>
            <dict>
                <key>id</key>
                <string>6793</string>
            </dict>
            <dict>
                <key>id</key>
                <string>6794</string>
            </dict>
            <dict>
                <key>id</key>
                <string>6795</string>
            </dict>
            <dict>
                <key>id</key>
                <string>6842</string>
            </dict>
            <dict>
                <key>id</key>
                <string>6969</string>
            </dict>
            <dict>
                <key>id</key>
                <string>7076</string>
            </dict>
            <dict>
                <key>id</key>
                <string>7077</string>
            </dict>
        </array>
    </dict>
</plist>
