<?xml version="1.0" encoding="UTF-8"?>
<!DOCTYPE plist PUBLIC "-//Apple//DTD PLIST 1.0//EN" "http://www.apple.com/DTDs/PropertyList-1.0.dtd"/>

<plist version="1.0">
    <dict>
        <key>ROOT</key>
        <array>
            <dict>
                <key>id</key>
                <string>103</string>
                <key>children</key>
                <array>
                    <string>217</string>
                    <string>429</string>
                    <string>515</string>
                    <string>605</string>
                    <string>610</string>
                    <string>641</string>
                </array>
                <key>childLinkers</key>
                <array/>
            </dict>
            <dict>
                <key>id</key>
                <string>1629</string>
                <key>children</key>
                <array>
                    <string>3221</string>
                    <string>3238</string>
                    <string>3288</string>
                    <string>3363</string>
                    <string>3377</string>
                    <string>3688</string>
                    <string>3724</string>
                    <string>3735</string>
                    <string>3738</string>
                    <string>3740</string>
                    <string>3742</string>
                    <string>3744</string>
                </array>
                <key>childLinkers</key>
                <array/>
            </dict>
            <dict>
                <key>id</key>
                <string>1636</string>
                <key>children</key>
                <array>
                    <string>3407</string>
                    <string>3748</string>
                    <string>3750</string>
                    <string>3752</string>
                    <string>3754</string>
                    <string>3756</string>
                    <string>3758</string>
                    <string>3760</string>
                    <string>3762</string>
                    <string>3764</string>
                    <string>4963</string>
                    <string>4966</string>
                    <string>4990</string>
                    <string>4992</string>
                    <string>4994</string>
                    <string>4997</string>
                    <string>4999</string>
                    <string>5001</string>
                </array>
                <key>childLinkers</key>
                <array/>
            </dict>
            <dict>
                <key>id</key>
                <string>3765</string>
                <key>children</key>
                <array>
                    <string>3768</string>
                    <string>3801</string>
                    <string>3839</string>
                    <string>3845</string>
                    <string>3847</string>
                    <string>3849</string>
                    <string>3851</string>
                    <string>3943</string>
                    <string>4221</string>
                    <string>4232</string>
                    <string>4234</string>
                    <string>4236</string>
                    <string>4238</string>
                    <string>4240</string>
                    <string>4242</string>
                    <string>4732</string>
                    <string>4745</string>
                    <string>4747</string>
                    <string>4942</string>
                    <string>5003</string>
                    <string>5005</string>
                    <string>5007</string>
                    <string>5009</string>
                    <string>5011</string>
                    <string>5013</string>
                    <string>5015</string>
                    <string>5017</string>
                    <string>5019</string>
                    <string>5021</string>
                    <string>5023</string>
                    <string>5025</string>
                </array>
                <key>childLinkers</key>
                <array/>
            </dict>
            <dict>
                <key>id</key>
                <string>1395</string>
                <key>children</key>
                <array>
                    <string>1746</string>
                    <string>2158</string>
                    <string>2240</string>
                    <string>2242</string>
                    <string>2246</string>
                    <string>2251</string>
                    <string>3529</string>
                    <string>3531</string>
                    <string>3533</string>
                    <string>3535</string>
                    <string>3537</string>
                    <string>3539</string>
                    <string>3541</string>
                    <string>3543</string>
                    <string>3545</string>
                    <string>3547</string>
                    <string>3549</string>
                </array>
                <key>childLinkers</key>
                <array/>
            </dict>
            <dict>
                <key>id</key>
                <string>4850</string>
                <key>children</key>
                <array>
                    <string>4853</string>
                    <string>4855</string>
                    <string>4857</string>
                    <string>5357</string>
                    <string>5359</string>
                    <string>5361</string>
                    <string>5363</string>
                    <string>5365</string>
                    <string>5367</string>
                    <string>5369</string>
                    <string>5371</string>
                    <string>5373</string>
                    <string>5376</string>
                    <string>5379</string>
                </array>
                <key>childLinkers</key>
                <array/>
            </dict>
            <dict>
                <key>id</key>
                <string>4922</string>
                <key>children</key>
                <array>
                    <string>5029</string>
                    <string>5031</string>
                    <string>5033</string>
                    <string>5035</string>
                    <string>5037</string>
                    <string>5039</string>
                    <string>5041</string>
                    <string>5043</string>
                    <string>5045</string>
                    <string>5047</string>
                    <string>5065</string>
                    <string>5116</string>
                    <string>5139</string>
                    <string>5141</string>
                    <string>5143</string>
                    <string>5145</string>
                    <string>5147</string>
                    <string>5149</string>
                    <string>5151</string>
                    <string>5166</string>
                    <string>5242</string>
                    <string>5797</string>
                    <string>5799</string>
                    <string>5801</string>
                    <string>5803</string>
                    <string>5805</string>
                    <string>5807</string>
                    <string>5809</string>
                    <string>5811</string>
                    <string>5813</string>
                    <string>5815</string>
                    <string>5817</string>
                    <string>5819</string>
                    <string>5821</string>
                    <string>5823</string>
                    <string>5825</string>
                    <string>5827</string>
                    <string>5829</string>
                    <string>5831</string>
                    <string>5833</string>
                    <string>5835</string>
                    <string>5837</string>
                    <string>5839</string>
                    <string>5841</string>
                    <string>5843</string>
                    <string>5845</string>
                    <string>5847</string>
                    <string>5849</string>
                    <string>5851</string>
                    <string>5853</string>
                    <string>5855</string>
                    <string>5857</string>
                    <string>5859</string>
                    <string>5861</string>
                    <string>5863</string>
                    <string>5865</string>
                    <string>5867</string>
                    <string>5869</string>
                    <string>5871</string>
                    <string>5873</string>
                    <string>5875</string>
                    <string>5877</string>
                    <string>5879</string>
                    <string>5881</string>
                    <string>5883</string>
                    <string>5885</string>
                    <string>5887</string>
                    <string>5889</string>
                    <string>5891</string>
                    <string>5893</string>
                    <string>5895</string>
                    <string>5897</string>
                    <string>5899</string>
                    <string>5901</string>
                    <string>5903</string>
                    <string>5905</string>
                    <string>5907</string>
                    <string>5909</string>
                    <string>5911</string>
                    <string>5913</string>
                    <string>5915</string>
                    <string>5917</string>
                    <string>5919</string>
                    <string>5921</string>
                    <string>5923</string>
                    <string>5925</string>
                    <string>5927</string>
                </array>
                <key>childLinkers</key>
                <array/>
            </dict>
            <dict>
                <key>id</key>
                <string>5389</string>
                <key>children</key>
                <array>
                    <string>5392</string>
                    <string>5394</string>
                    <string>5396</string>
                    <string>5398</string>
                    <string>5400</string>
                    <string>5402</string>
                    <string>5404</string>
                    <string>5406</string>
                    <string>5408</string>
                    <string>5410</string>
                    <string>5412</string>
                    <string>5469</string>
                    <string>5471</string>
                    <string>5473</string>
                    <string>5475</string>
                    <string>5477</string>
                    <string>5479</string>
                    <string>5481</string>
                    <string>5483</string>
                    <string>5485</string>
                    <string>5487</string>
                    <string>5489</string>
                    <string>5491</string>
                    <string>5493</string>
                    <string>5495</string>
                    <string>5497</string>
                    <string>5528</string>
                    <string>5532</string>
                    <string>5536</string>
                    <string>5540</string>
                    <string>5544</string>
                    <string>5548</string>
                    <string>5552</string>
                    <string>5556</string>
                    <string>5560</string>
                    <string>5564</string>
                    <string>5568</string>
                    <string>5572</string>
                    <string>5576</string>
                    <string>5580</string>
                    <string>5584</string>
                    <string>5588</string>
                    <string>5592</string>
                    <string>5596</string>
                    <string>5600</string>
                    <string>5604</string>
                    <string>5608</string>
                    <string>5612</string>
                    <string>5616</string>
                    <string>5620</string>
                    <string>5624</string>
                    <string>5628</string>
                    <string>5632</string>
                    <string>5636</string>
                    <string>5640</string>
                    <string>5644</string>
                    <string>5648</string>
                    <string>5652</string>
                    <string>5656</string>
                    <string>5660</string>
                    <string>5664</string>
                    <string>5668</string>
                    <string>5672</string>
                    <string>5676</string>
                    <string>5680</string>
                    <string>5684</string>
                    <string>5688</string>
                    <string>5692</string>
                    <string>5696</string>
                    <string>5700</string>
                    <string>5704</string>
                    <string>5717</string>
                    <string>5721</string>
                    <string>5725</string>
                    <string>5729</string>
                    <string>5733</string>
                    <string>5737</string>
                    <string>5741</string>
                    <string>5745</string>
                    <string>5749</string>
                    <string>5753</string>
                    <string>5757</string>
                    <string>5761</string>
                    <string>5765</string>
                    <string>5769</string>
                    <string>5773</string>
                </array>
                <key>childLinkers</key>
                <array/>
            </dict>
            <dict>
                <key>id</key>
                <string>1249</string>
                <key>children</key>
                <array>
                    <string>1251</string>
                </array>
                <key>childLinkers</key>
                <array/>
            </dict>
            <dict>
                <key>id</key>
                <string>5928</string>
                <key>children</key>
                <array>
                    <string>5931</string>
                    <string>5933</string>
                    <string>5936</string>
                    <string>5938</string>
                    <string>5940</string>
                    <string>5942</string>
                    <string>5944</string>
                    <string>5946</string>
                    <string>5948</string>
                    <string>5950</string>
                    <string>5953</string>
                    <string>5956</string>
                    <string>6097</string>
                    <string>6103</string>
                </array>
                <key>childLinkers</key>
                <array/>
            </dict>
            <dict>
                <key>id</key>
                <string>1407</string>
                <key>children</key>
                <array>
                    <string>2370</string>
                    <string>3553</string>
                    <string>3555</string>
                    <string>3557</string>
                    <string>3559</string>
                    <string>3561</string>
                    <string>3563</string>
                    <string>3565</string>
                    <string>3567</string>
                    <string>3569</string>
                    <string>3571</string>
                    <string>3573</string>
                    <string>6798</string>
                    <string>6800</string>
                    <string>6802</string>
                    <string>6804</string>
                    <string>6806</string>
                    <string>6808</string>
                    <string>6810</string>
                    <string>6812</string>
                    <string>6814</string>
                    <string>6816</string>
                    <string>6818</string>
                    <string>6820</string>
                    <string>6822</string>
                    <string>6824</string>
                    <string>6826</string>
                    <string>6828</string>
                    <string>6830</string>
                    <string>6832</string>
                </array>
                <key>childLinkers</key>
                <array/>
            </dict>
            <dict>
                <key>id</key>
                <string>2243</string>
                <key>children</key>
                <array>
                    <string>2376</string>
                    <string>2379</string>
                    <string>2384</string>
                    <string>2390</string>
                    <string>2394</string>
                    <string>6497</string>
                    <string>6499</string>
                    <string>6501</string>
                    <string>6503</string>
                    <string>6505</string>
                    <string>6507</string>
                    <string>6509</string>
                    <string>6511</string>
                </array>
                <key>childLinkers</key>
                <array/>
            </dict>
            <dict>
                <key>id</key>
                <string>1653</string>
                <key>children</key>
                <array>
                    <string>1658</string>
                </array>
                <key>childLinkers</key>
                <array/>
            </dict>
            <dict>
                <key>id</key>
                <string>2413</string>
                <key>children</key>
                <array>
                    <string>2427</string>
                    <string>6477</string>
                    <string>6479</string>
                    <string>6481</string>
                    <string>6483</string>
                    <string>6485</string>
                    <string>6487</string>
                    <string>6489</string>
                    <string>6491</string>
                    <string>6493</string>
                </array>
                <key>childLinkers</key>
                <array/>
            </dict>
            <dict>
                <key>id</key>
                <string>2491</string>
                <key>children</key>
                <array>
                    <string>2505</string>
                    <string>6461</string>
                    <string>6463</string>
                    <string>6465</string>
                    <string>6467</string>
                    <string>6469</string>
                    <string>6471</string>
                    <string>6473</string>
                </array>
                <key>childLinkers</key>
                <array/>
            </dict>
            <dict>
                <key>id</key>
                <string>2524</string>
                <key>children</key>
                <array>
                    <string>2527</string>
                    <string>2532</string>
                    <string>2586</string>
                    <string>2591</string>
                    <string>2597</string>
                    <string>2601</string>
                    <string>2606</string>
                    <string>2612</string>
                </array>
                <key>childLinkers</key>
                <array/>
            </dict>
            <dict>
                <key>id</key>
                <string>1660</string>
                <key>children</key>
                <array/>
                <key>childLinkers</key>
                <array/>
            </dict>
            <dict>
                <key>id</key>
                <string>2551</string>
                <key>children</key>
                <array>
                    <string>3523</string>
                    <string>3525</string>
                    <string>6443</string>
                    <string>6445</string>
                    <string>6447</string>
                    <string>6449</string>
                    <string>6451</string>
                    <string>6453</string>
                    <string>6455</string>
                    <string>6457</string>
                </array>
                <key>childLinkers</key>
                <array/>
            </dict>
            <dict>
                <key>id</key>
                <string>2552</string>
                <key>children</key>
                <array>
                    <string>6425</string>
                    <string>6427</string>
                    <string>6429</string>
                    <string>6431</string>
                    <string>6433</string>
                    <string>6435</string>
                    <string>6437</string>
                    <string>6439</string>
                    <string>6571</string>
                    <string>6574</string>
                    <string>6576</string>
                    <string>6578</string>
                </array>
                <key>childLinkers</key>
                <array/>
            </dict>
            <dict>
                <key>id</key>
                <string>104</string>
                <key>children</key>
                <array>
                    <string>394</string>
                    <string>426</string>
                    <string>463</string>
                    <string>475</string>
                    <string>484</string>
                    <string>499</string>
                    <string>582</string>
                    <string>594</string>
                    <string>596</string>
                    <string>755</string>
                    <string>935</string>
                    <string>951</string>
                </array>
                <key>childLinkers</key>
                <array/>
            </dict>
            <dict>
                <key>id</key>
                <string>2553</string>
                <key>children</key>
                <array>
                    <string>6515</string>
                    <string>6517</string>
                    <string>6519</string>
                    <string>6521</string>
                    <string>6523</string>
                    <string>6525</string>
                    <string>6527</string>
                    <string>6529</string>
                    <string>6531</string>
                    <string>6581</string>
                    <string>6619</string>
                    <string>6621</string>
                    <string>6623</string>
                    <string>6625</string>
                    <string>6627</string>
                    <string>6629</string>
                    <string>6631</string>
                    <string>6633</string>
                    <string>6644</string>
                    <string>6646</string>
                    <string>6648</string>
                    <string>6650</string>
                    <string>6664</string>
                    <string>6666</string>
                    <string>6668</string>
                    <string>6670</string>
                    <string>6672</string>
                    <string>6674</string>
                    <string>6676</string>
                    <string>6678</string>
                    <string>6680</string>
                    <string>6682</string>
                    <string>6684</string>
                </array>
                <key>childLinkers</key>
                <array/>
            </dict>
            <dict>
                <key>id</key>
                <string>938</string>
                <key>children</key>
                <array>
                    <string>1113</string>
                </array>
                <key>childLinkers</key>
                <array/>
            </dict>
            <dict>
                <key>id</key>
                <string>2554</string>
                <key>children</key>
                <array>
                    <string>2569</string>
                    <string>2574</string>
                    <string>3577</string>
                    <string>3579</string>
                    <string>3581</string>
                    <string>3583</string>
                    <string>3585</string>
                    <string>3587</string>
                    <string>3589</string>
                    <string>3591</string>
                    <string>3593</string>
                    <string>3595</string>
                </array>
                <key>childLinkers</key>
                <array/>
            </dict>
            <dict>
                <key>id</key>
                <string>939</string>
                <key>children</key>
                <array>
                    <string>1017</string>
                    <string>1035</string>
                    <string>1047</string>
                    <string>1133</string>
                    <string>1154</string>
                </array>
                <key>childLinkers</key>
                <array/>
            </dict>
        </array>
    </dict>
</plist>
