<?xml version="1.0" encoding="UTF-8"?>
<!DOCTYPE plist PUBLIC "-//Apple//DTD PLIST 1.0//EN" "http://www.apple.com/DTDs/PropertyList-1.0.dtd"/>

<plist version="1.0">
    <dict>
        <key>ROOT</key>
        <array>
            <dict>
                <key>id</key>
                <string>113</string>
                <key>children</key>
                <array>
                    <string>114</string>
                </array>
            </dict>
            <dict>
                <key>id</key>
                <string>130</string>
                <key>children</key>
                <array>
                    <string>447</string>
                </array>
            </dict>
            <dict>
                <key>id</key>
                <string>154</string>
                <key>children</key>
                <array>
                    <string>155</string>
                </array>
            </dict>
            <dict>
                <key>id</key>
                <string>345</string>
                <key>children</key>
                <array>
                    <string>346</string>
                </array>
            </dict>
            <dict>
                <key>id</key>
                <string>403</string>
                <key>children</key>
                <array/>
            </dict>
            <dict>
                <key>id</key>
                <string>812</string>
                <key>children</key>
                <array/>
            </dict>
            <dict>
                <key>id</key>
                <string>838</string>
                <key>children</key>
                <array/>
            </dict>
            <dict>
                <key>id</key>
                <string>849</string>
                <key>children</key>
                <array/>
            </dict>
            <dict>
                <key>id</key>
                <string>865</string>
                <key>children</key>
                <array/>
            </dict>
            <dict>
                <key>id</key>
                <string>979</string>
                <key>children</key>
                <array>
                    <string>984</string>
                </array>
            </dict>
            <dict>
                <key>id</key>
                <string>1167</string>
                <key>children</key>
                <array/>
            </dict>
            <dict>
                <key>id</key>
                <string>1174</string>
                <key>children</key>
                <array/>
            </dict>
            <dict>
                <key>id</key>
                <string>1683</string>
                <key>children</key>
                <array>
                    <string>1684</string>
                </array>
            </dict>
            <dict>
                <key>id</key>
                <string>1692</string>
                <key>children</key>
                <array>
                    <string>1693</string>
                </array>
            </dict>
            <dict>
                <key>id</key>
                <string>1701</string>
                <key>children</key>
                <array>
                    <string>1702</string>
                </array>
            </dict>
            <dict>
                <key>id</key>
                <string>1740</string>
                <key>children</key>
                <array>
                    <string>1741</string>
                </array>
            </dict>
            <dict>
                <key>id</key>
                <string>1779</string>
                <key>children</key>
                <array>
                    <string>1780</string>
                </array>
            </dict>
            <dict>
                <key>id</key>
                <string>1843</string>
                <key>children</key>
                <array>
                    <string>1844</string>
                </array>
            </dict>
            <dict>
                <key>id</key>
                <string>1865</string>
                <key>children</key>
                <array>
                    <string>1866</string>
                </array>
            </dict>
            <dict>
                <key>id</key>
                <string>1877</string>
                <key>children</key>
                <array>
                    <string>1934</string>
                </array>
            </dict>
            <dict>
                <key>id</key>
                <string>1960</string>
                <key>children</key>
                <array>
                    <string>1961</string>
                </array>
            </dict>
            <dict>
                <key>id</key>
                <string>1986</string>
                <key>children</key>
                <array>
                    <string>2100</string>
                </array>
            </dict>
            <dict>
                <key>id</key>
                <string>2012</string>
                <key>children</key>
                <array>
                    <string>2127</string>
                </array>
            </dict>
            <dict>
                <key>id</key>
                <string>2039</string>
                <key>children</key>
                <array>
                    <string>2040</string>
                </array>
            </dict>
            <dict>
                <key>id</key>
                <string>2054</string>
                <key>children</key>
                <array>
                    <string>2055</string>
                </array>
            </dict>
            <dict>
                <key>id</key>
                <string>2063</string>
                <key>children</key>
                <array>
                    <string>2064</string>
                </array>
            </dict>
            <dict>
                <key>id</key>
                <string>2135</string>
                <key>children</key>
                <array>
                    <string>2136</string>
                </array>
            </dict>
            <dict>
                <key>id</key>
                <string>2146</string>
                <key>children</key>
                <array>
                    <string>2147</string>
                </array>
            </dict>
            <dict>
                <key>id</key>
                <string>2163</string>
                <key>children</key>
                <array>
                    <string>2164</string>
                </array>
            </dict>
            <dict>
                <key>id</key>
                <string>2318</string>
                <key>children</key>
                <array>
                    <string>2319</string>
                </array>
            </dict>
            <dict>
                <key>id</key>
                <string>2325</string>
                <key>children</key>
                <array>
                    <string>2326</string>
                </array>
            </dict>
            <dict>
                <key>id</key>
                <string>2335</string>
                <key>children</key>
                <array>
                    <string>2336</string>
                </array>
            </dict>
            <dict>
                <key>id</key>
                <string>2344</string>
                <key>children</key>
                <array>
                    <string>2345</string>
                </array>
            </dict>
            <dict>
                <key>id</key>
                <string>2353</string>
                <key>children</key>
                <array>
                    <string>2354</string>
                </array>
            </dict>
            <dict>
                <key>id</key>
                <string>2364</string>
                <key>children</key>
                <array>
                    <string>2365</string>
                </array>
            </dict>
            <dict>
                <key>id</key>
                <string>2398</string>
                <key>children</key>
                <array>
                    <string>2399</string>
                </array>
            </dict>
            <dict>
                <key>id</key>
                <string>2407</string>
                <key>children</key>
                <array>
                    <string>2408</string>
                </array>
            </dict>
            <dict>
                <key>id</key>
                <string>2421</string>
                <key>children</key>
                <array>
                    <string>2422</string>
                </array>
            </dict>
            <dict>
                <key>id</key>
                <string>2431</string>
                <key>children</key>
                <array>
                    <string>2432</string>
                </array>
            </dict>
            <dict>
                <key>id</key>
                <string>2440</string>
                <key>children</key>
                <array>
                    <string>2441</string>
                </array>
            </dict>
            <dict>
                <key>id</key>
                <string>2449</string>
                <key>children</key>
                <array>
                    <string>2450</string>
                </array>
            </dict>
            <dict>
                <key>id</key>
                <string>2458</string>
                <key>children</key>
                <array>
                    <string>2459</string>
                </array>
            </dict>
            <dict>
                <key>id</key>
                <string>2467</string>
                <key>children</key>
                <array>
                    <string>2468</string>
                </array>
            </dict>
            <dict>
                <key>id</key>
                <string>2476</string>
                <key>children</key>
                <array>
                    <string>2477</string>
                </array>
            </dict>
            <dict>
                <key>id</key>
                <string>2485</string>
                <key>children</key>
                <array>
                    <string>2486</string>
                </array>
            </dict>
            <dict>
                <key>id</key>
                <string>2499</string>
                <key>children</key>
                <array>
                    <string>2500</string>
                </array>
            </dict>
            <dict>
                <key>id</key>
                <string>2509</string>
                <key>children</key>
                <array>
                    <string>2510</string>
                </array>
            </dict>
            <dict>
                <key>id</key>
                <string>2518</string>
                <key>children</key>
                <array>
                    <string>2519</string>
                </array>
            </dict>
            <dict>
                <key>id</key>
                <string>2543</string>
                <key>children</key>
                <array>
                    <string>2544</string>
                </array>
            </dict>
            <dict>
                <key>id</key>
                <string>2580</string>
                <key>children</key>
                <array>
                    <string>2581</string>
                </array>
            </dict>
            <dict>
                <key>id</key>
                <string>2617</string>
                <key>children</key>
                <array>
                    <string>2618</string>
                </array>
            </dict>
            <dict>
                <key>id</key>
                <string>2626</string>
                <key>children</key>
                <array>
                    <string>2627</string>
                </array>
            </dict>
            <dict>
                <key>id</key>
                <string>2635</string>
                <key>children</key>
                <array>
                    <string>2636</string>
                </array>
            </dict>
            <dict>
                <key>id</key>
                <string>2644</string>
                <key>children</key>
                <array>
                    <string>2645</string>
                </array>
            </dict>
            <dict>
                <key>id</key>
                <string>2653</string>
                <key>children</key>
                <array>
                    <string>2654</string>
                </array>
            </dict>
            <dict>
                <key>id</key>
                <string>2662</string>
                <key>children</key>
                <array>
                    <string>2663</string>
                </array>
            </dict>
            <dict>
                <key>id</key>
                <string>2671</string>
                <key>children</key>
                <array>
                    <string>2672</string>
                </array>
            </dict>
            <dict>
                <key>id</key>
                <string>2680</string>
                <key>children</key>
                <array>
                    <string>2681</string>
                </array>
            </dict>
            <dict>
                <key>id</key>
                <string>2689</string>
                <key>children</key>
                <array>
                    <string>2690</string>
                </array>
            </dict>
            <dict>
                <key>id</key>
                <string>2698</string>
                <key>children</key>
                <array>
                    <string>2699</string>
                </array>
            </dict>
            <dict>
                <key>id</key>
                <string>2707</string>
                <key>children</key>
                <array>
                    <string>2708</string>
                </array>
            </dict>
            <dict>
                <key>id</key>
                <string>2716</string>
                <key>children</key>
                <array>
                    <string>2717</string>
                </array>
            </dict>
            <dict>
                <key>id</key>
                <string>2725</string>
                <key>children</key>
                <array>
                    <string>2726</string>
                </array>
            </dict>
            <dict>
                <key>id</key>
                <string>2734</string>
                <key>children</key>
                <array>
                    <string>2735</string>
                </array>
            </dict>
            <dict>
                <key>id</key>
                <string>2743</string>
                <key>children</key>
                <array>
                    <string>2744</string>
                </array>
            </dict>
            <dict>
                <key>id</key>
                <string>2752</string>
                <key>children</key>
                <array>
                    <string>2753</string>
                </array>
            </dict>
            <dict>
                <key>id</key>
                <string>2761</string>
                <key>children</key>
                <array>
                    <string>2762</string>
                </array>
            </dict>
            <dict>
                <key>id</key>
                <string>2770</string>
                <key>children</key>
                <array>
                    <string>2771</string>
                </array>
            </dict>
            <dict>
                <key>id</key>
                <string>2779</string>
                <key>children</key>
                <array>
                    <string>2780</string>
                </array>
            </dict>
            <dict>
                <key>id</key>
                <string>2788</string>
                <key>children</key>
                <array>
                    <string>2789</string>
                </array>
            </dict>
            <dict>
                <key>id</key>
                <string>2797</string>
                <key>children</key>
                <array>
                    <string>2798</string>
                </array>
            </dict>
            <dict>
                <key>id</key>
                <string>2806</string>
                <key>children</key>
                <array>
                    <string>2807</string>
                </array>
            </dict>
            <dict>
                <key>id</key>
                <string>2815</string>
                <key>children</key>
                <array>
                    <string>2816</string>
                </array>
            </dict>
            <dict>
                <key>id</key>
                <string>2824</string>
                <key>children</key>
                <array>
                    <string>2825</string>
                </array>
            </dict>
            <dict>
                <key>id</key>
                <string>2833</string>
                <key>children</key>
                <array>
                    <string>2834</string>
                </array>
            </dict>
            <dict>
                <key>id</key>
                <string>2842</string>
                <key>children</key>
                <array>
                    <string>2843</string>
                </array>
            </dict>
            <dict>
                <key>id</key>
                <string>2851</string>
                <key>children</key>
                <array>
                    <string>2852</string>
                </array>
            </dict>
            <dict>
                <key>id</key>
                <string>2860</string>
                <key>children</key>
                <array>
                    <string>2861</string>
                </array>
            </dict>
            <dict>
                <key>id</key>
                <string>2869</string>
                <key>children</key>
                <array>
                    <string>2870</string>
                </array>
            </dict>
            <dict>
                <key>id</key>
                <string>2878</string>
                <key>children</key>
                <array>
                    <string>2879</string>
                </array>
            </dict>
            <dict>
                <key>id</key>
                <string>2887</string>
                <key>children</key>
                <array>
                    <string>2888</string>
                </array>
            </dict>
            <dict>
                <key>id</key>
                <string>2896</string>
                <key>children</key>
                <array>
                    <string>2897</string>
                </array>
            </dict>
            <dict>
                <key>id</key>
                <string>2905</string>
                <key>children</key>
                <array>
                    <string>2906</string>
                </array>
            </dict>
            <dict>
                <key>id</key>
                <string>2914</string>
                <key>children</key>
                <array>
                    <string>2915</string>
                </array>
            </dict>
            <dict>
                <key>id</key>
                <string>2923</string>
                <key>children</key>
                <array>
                    <string>2924</string>
                </array>
            </dict>
            <dict>
                <key>id</key>
                <string>2932</string>
                <key>children</key>
                <array>
                    <string>2933</string>
                </array>
            </dict>
            <dict>
                <key>id</key>
                <string>2941</string>
                <key>children</key>
                <array>
                    <string>2942</string>
                </array>
            </dict>
            <dict>
                <key>id</key>
                <string>2950</string>
                <key>children</key>
                <array>
                    <string>2951</string>
                </array>
            </dict>
            <dict>
                <key>id</key>
                <string>2959</string>
                <key>children</key>
                <array>
                    <string>2960</string>
                </array>
            </dict>
            <dict>
                <key>id</key>
                <string>2968</string>
                <key>children</key>
                <array>
                    <string>2969</string>
                </array>
            </dict>
            <dict>
                <key>id</key>
                <string>2977</string>
                <key>children</key>
                <array>
                    <string>2978</string>
                </array>
            </dict>
            <dict>
                <key>id</key>
                <string>2986</string>
                <key>children</key>
                <array>
                    <string>2987</string>
                </array>
            </dict>
            <dict>
                <key>id</key>
                <string>2995</string>
                <key>children</key>
                <array>
                    <string>2996</string>
                </array>
            </dict>
            <dict>
                <key>id</key>
                <string>3004</string>
                <key>children</key>
                <array>
                    <string>3005</string>
                </array>
            </dict>
            <dict>
                <key>id</key>
                <string>3013</string>
                <key>children</key>
                <array>
                    <string>3014</string>
                </array>
            </dict>
            <dict>
                <key>id</key>
                <string>3022</string>
                <key>children</key>
                <array>
                    <string>3023</string>
                </array>
            </dict>
            <dict>
                <key>id</key>
                <string>3031</string>
                <key>children</key>
                <array>
                    <string>3032</string>
                </array>
            </dict>
            <dict>
                <key>id</key>
                <string>3040</string>
                <key>children</key>
                <array>
                    <string>3041</string>
                </array>
            </dict>
            <dict>
                <key>id</key>
                <string>3049</string>
                <key>children</key>
                <array>
                    <string>3050</string>
                </array>
            </dict>
            <dict>
                <key>id</key>
                <string>3058</string>
                <key>children</key>
                <array>
                    <string>3059</string>
                </array>
            </dict>
            <dict>
                <key>id</key>
                <string>3067</string>
                <key>children</key>
                <array>
                    <string>3068</string>
                </array>
            </dict>
            <dict>
                <key>id</key>
                <string>3076</string>
                <key>children</key>
                <array>
                    <string>3077</string>
                </array>
            </dict>
            <dict>
                <key>id</key>
                <string>3085</string>
                <key>children</key>
                <array>
                    <string>3086</string>
                </array>
            </dict>
            <dict>
                <key>id</key>
                <string>3094</string>
                <key>children</key>
                <array>
                    <string>3095</string>
                </array>
            </dict>
            <dict>
                <key>id</key>
                <string>3103</string>
                <key>children</key>
                <array>
                    <string>3104</string>
                </array>
            </dict>
            <dict>
                <key>id</key>
                <string>3112</string>
                <key>children</key>
                <array>
                    <string>3113</string>
                </array>
            </dict>
            <dict>
                <key>id</key>
                <string>3121</string>
                <key>children</key>
                <array>
                    <string>3122</string>
                </array>
            </dict>
            <dict>
                <key>id</key>
                <string>3130</string>
                <key>children</key>
                <array>
                    <string>3131</string>
                </array>
            </dict>
            <dict>
                <key>id</key>
                <string>3139</string>
                <key>children</key>
                <array>
                    <string>3140</string>
                </array>
            </dict>
            <dict>
                <key>id</key>
                <string>3148</string>
                <key>children</key>
                <array>
                    <string>3149</string>
                </array>
            </dict>
            <dict>
                <key>id</key>
                <string>3157</string>
                <key>children</key>
                <array>
                    <string>3158</string>
                </array>
            </dict>
            <dict>
                <key>id</key>
                <string>3166</string>
                <key>children</key>
                <array>
                    <string>3167</string>
                </array>
            </dict>
            <dict>
                <key>id</key>
                <string>3192</string>
                <key>children</key>
                <array>
                    <string>3193</string>
                </array>
            </dict>
            <dict>
                <key>id</key>
                <string>3201</string>
                <key>children</key>
                <array>
                    <string>3202</string>
                </array>
            </dict>
            <dict>
                <key>id</key>
                <string>3210</string>
                <key>children</key>
                <array>
                    <string>3211</string>
                </array>
            </dict>
            <dict>
                <key>id</key>
                <string>3244</string>
                <key>children</key>
                <array>
                    <string>3245</string>
                </array>
            </dict>
            <dict>
                <key>id</key>
                <string>3253</string>
                <key>children</key>
                <array>
                    <string>3254</string>
                </array>
            </dict>
            <dict>
                <key>id</key>
                <string>3262</string>
                <key>children</key>
                <array>
                    <string>3263</string>
                </array>
            </dict>
            <dict>
                <key>id</key>
                <string>3271</string>
                <key>children</key>
                <array>
                    <string>3272</string>
                </array>
            </dict>
            <dict>
                <key>id</key>
                <string>3280</string>
                <key>children</key>
                <array>
                    <string>3281</string>
                </array>
            </dict>
            <dict>
                <key>id</key>
                <string>3292</string>
                <key>children</key>
                <array>
                    <string>3293</string>
                </array>
            </dict>
            <dict>
                <key>id</key>
                <string>3301</string>
                <key>children</key>
                <array>
                    <string>3302</string>
                </array>
            </dict>
            <dict>
                <key>id</key>
                <string>3310</string>
                <key>children</key>
                <array>
                    <string>3311</string>
                </array>
            </dict>
            <dict>
                <key>id</key>
                <string>3319</string>
                <key>children</key>
                <array>
                    <string>3320</string>
                </array>
            </dict>
            <dict>
                <key>id</key>
                <string>3328</string>
                <key>children</key>
                <array>
                    <string>3329</string>
                </array>
            </dict>
            <dict>
                <key>id</key>
                <string>3337</string>
                <key>children</key>
                <array>
                    <string>3338</string>
                </array>
            </dict>
            <dict>
                <key>id</key>
                <string>3346</string>
                <key>children</key>
                <array>
                    <string>3347</string>
                </array>
            </dict>
            <dict>
                <key>id</key>
                <string>3355</string>
                <key>children</key>
                <array>
                    <string>3356</string>
                </array>
            </dict>
            <dict>
                <key>id</key>
                <string>3367</string>
                <key>children</key>
                <array>
                    <string>3368</string>
                </array>
            </dict>
            <dict>
                <key>id</key>
                <string>3385</string>
                <key>children</key>
                <array>
                    <string>3386</string>
                </array>
            </dict>
            <dict>
                <key>id</key>
                <string>3394</string>
                <key>children</key>
                <array>
                    <string>3395</string>
                </array>
            </dict>
            <dict>
                <key>id</key>
                <string>3411</string>
                <key>children</key>
                <array>
                    <string>3412</string>
                </array>
            </dict>
            <dict>
                <key>id</key>
                <string>3420</string>
                <key>children</key>
                <array>
                    <string>3421</string>
                </array>
            </dict>
            <dict>
                <key>id</key>
                <string>3461</string>
                <key>children</key>
                <array>
                    <string>3462</string>
                </array>
            </dict>
            <dict>
                <key>id</key>
                <string>3470</string>
                <key>children</key>
                <array>
                    <string>3471</string>
                </array>
            </dict>
            <dict>
                <key>id</key>
                <string>3479</string>
                <key>children</key>
                <array>
                    <string>3480</string>
                </array>
            </dict>
            <dict>
                <key>id</key>
                <string>3488</string>
                <key>children</key>
                <array>
                    <string>3489</string>
                </array>
            </dict>
            <dict>
                <key>id</key>
                <string>3497</string>
                <key>children</key>
                <array>
                    <string>3498</string>
                </array>
            </dict>
            <dict>
                <key>id</key>
                <string>3506</string>
                <key>children</key>
                <array>
                    <string>3507</string>
                </array>
            </dict>
            <dict>
                <key>id</key>
                <string>3515</string>
                <key>children</key>
                <array>
                    <string>3516</string>
                </array>
            </dict>
            <dict>
                <key>id</key>
                <string>3599</string>
                <key>children</key>
                <array>
                    <string>3600</string>
                </array>
            </dict>
            <dict>
                <key>id</key>
                <string>3608</string>
                <key>children</key>
                <array>
                    <string>3609</string>
                </array>
            </dict>
            <dict>
                <key>id</key>
                <string>3617</string>
                <key>children</key>
                <array>
                    <string>3618</string>
                </array>
            </dict>
            <dict>
                <key>id</key>
                <string>3626</string>
                <key>children</key>
                <array>
                    <string>3627</string>
                </array>
            </dict>
            <dict>
                <key>id</key>
                <string>3635</string>
                <key>children</key>
                <array>
                    <string>3636</string>
                </array>
            </dict>
            <dict>
                <key>id</key>
                <string>3644</string>
                <key>children</key>
                <array>
                    <string>3645</string>
                </array>
            </dict>
            <dict>
                <key>id</key>
                <string>3653</string>
                <key>children</key>
                <array>
                    <string>3654</string>
                </array>
            </dict>
            <dict>
                <key>id</key>
                <string>3662</string>
                <key>children</key>
                <array>
                    <string>3663</string>
                </array>
            </dict>
            <dict>
                <key>id</key>
                <string>3671</string>
                <key>children</key>
                <array>
                    <string>3672</string>
                </array>
            </dict>
            <dict>
                <key>id</key>
                <string>3682</string>
                <key>children</key>
                <array>
                    <string>3683</string>
                </array>
            </dict>
            <dict>
                <key>id</key>
                <string>3718</string>
                <key>children</key>
                <array>
                    <string>3719</string>
                </array>
            </dict>
            <dict>
                <key>id</key>
                <string>3729</string>
                <key>children</key>
                <array>
                    <string>3730</string>
                </array>
            </dict>
            <dict>
                <key>id</key>
                <string>3795</string>
                <key>children</key>
                <array>
                    <string>3796</string>
                </array>
            </dict>
            <dict>
                <key>id</key>
                <string>3813</string>
                <key>children</key>
                <array>
                    <string>3814</string>
                </array>
            </dict>
            <dict>
                <key>id</key>
                <string>3822</string>
                <key>children</key>
                <array>
                    <string>3823</string>
                </array>
            </dict>
            <dict>
                <key>id</key>
                <string>3831</string>
                <key>children</key>
                <array>
                    <string>3832</string>
                </array>
            </dict>
            <dict>
                <key>id</key>
                <string>3855</string>
                <key>children</key>
                <array>
                    <string>3856</string>
                </array>
            </dict>
            <dict>
                <key>id</key>
                <string>3866</string>
                <key>children</key>
                <array>
                    <string>3867</string>
                </array>
            </dict>
            <dict>
                <key>id</key>
                <string>3909</string>
                <key>children</key>
                <array>
                    <string>3910</string>
                </array>
            </dict>
            <dict>
                <key>id</key>
                <string>3918</string>
                <key>children</key>
                <array>
                    <string>3919</string>
                </array>
            </dict>
            <dict>
                <key>id</key>
                <string>3927</string>
                <key>children</key>
                <array>
                    <string>3928</string>
                </array>
            </dict>
            <dict>
                <key>id</key>
                <string>3937</string>
                <key>children</key>
                <array>
                    <string>3938</string>
                </array>
            </dict>
            <dict>
                <key>id</key>
                <string>3947</string>
                <key>children</key>
                <array>
                    <string>3948</string>
                </array>
            </dict>
            <dict>
                <key>id</key>
                <string>3957</string>
                <key>children</key>
                <array>
                    <string>3958</string>
                </array>
            </dict>
            <dict>
                <key>id</key>
                <string>3966</string>
                <key>children</key>
                <array>
                    <string>3967</string>
                </array>
            </dict>
            <dict>
                <key>id</key>
                <string>3975</string>
                <key>children</key>
                <array>
                    <string>3976</string>
                </array>
            </dict>
            <dict>
                <key>id</key>
                <string>3984</string>
                <key>children</key>
                <array>
                    <string>3985</string>
                </array>
            </dict>
            <dict>
                <key>id</key>
                <string>3994</string>
                <key>children</key>
                <array>
                    <string>3995</string>
                </array>
            </dict>
            <dict>
                <key>id</key>
                <string>4003</string>
                <key>children</key>
                <array>
                    <string>4004</string>
                </array>
            </dict>
            <dict>
                <key>id</key>
                <string>4012</string>
                <key>children</key>
                <array>
                    <string>4013</string>
                </array>
            </dict>
            <dict>
                <key>id</key>
                <string>4021</string>
                <key>children</key>
                <array>
                    <string>4022</string>
                </array>
            </dict>
            <dict>
                <key>id</key>
                <string>4030</string>
                <key>children</key>
                <array>
                    <string>4031</string>
                </array>
            </dict>
            <dict>
                <key>id</key>
                <string>4039</string>
                <key>children</key>
                <array>
                    <string>4040</string>
                </array>
            </dict>
            <dict>
                <key>id</key>
                <string>4048</string>
                <key>children</key>
                <array>
                    <string>4049</string>
                </array>
            </dict>
            <dict>
                <key>id</key>
                <string>4057</string>
                <key>children</key>
                <array>
                    <string>4058</string>
                </array>
            </dict>
            <dict>
                <key>id</key>
                <string>4066</string>
                <key>children</key>
                <array>
                    <string>4067</string>
                </array>
            </dict>
            <dict>
                <key>id</key>
                <string>4075</string>
                <key>children</key>
                <array>
                    <string>4076</string>
                </array>
            </dict>
            <dict>
                <key>id</key>
                <string>4085</string>
                <key>children</key>
                <array>
                    <string>4086</string>
                </array>
            </dict>
            <dict>
                <key>id</key>
                <string>4103</string>
                <key>children</key>
                <array>
                    <string>4104</string>
                </array>
            </dict>
            <dict>
                <key>id</key>
                <string>4112</string>
                <key>children</key>
                <array>
                    <string>4113</string>
                </array>
            </dict>
            <dict>
                <key>id</key>
                <string>4121</string>
                <key>children</key>
                <array>
                    <string>4122</string>
                </array>
            </dict>
            <dict>
                <key>id</key>
                <string>4130</string>
                <key>children</key>
                <array>
                    <string>4131</string>
                </array>
            </dict>
            <dict>
                <key>id</key>
                <string>4139</string>
                <key>children</key>
                <array>
                    <string>4140</string>
                </array>
            </dict>
            <dict>
                <key>id</key>
                <string>4148</string>
                <key>children</key>
                <array>
                    <string>4149</string>
                </array>
            </dict>
            <dict>
                <key>id</key>
                <string>4157</string>
                <key>children</key>
                <array>
                    <string>4158</string>
                </array>
            </dict>
            <dict>
                <key>id</key>
                <string>4166</string>
                <key>children</key>
                <array>
                    <string>4167</string>
                </array>
            </dict>
            <dict>
                <key>id</key>
                <string>4175</string>
                <key>children</key>
                <array>
                    <string>4176</string>
                </array>
            </dict>
            <dict>
                <key>id</key>
                <string>4184</string>
                <key>children</key>
                <array>
                    <string>4185</string>
                </array>
            </dict>
            <dict>
                <key>id</key>
                <string>4193</string>
                <key>children</key>
                <array>
                    <string>4194</string>
                </array>
            </dict>
            <dict>
                <key>id</key>
                <string>4202</string>
                <key>children</key>
                <array>
                    <string>4203</string>
                </array>
            </dict>
            <dict>
                <key>id</key>
                <string>4213</string>
                <key>children</key>
                <array>
                    <string>4214</string>
                </array>
            </dict>
            <dict>
                <key>id</key>
                <string>4225</string>
                <key>children</key>
                <array>
                    <string>4226</string>
                </array>
            </dict>
            <dict>
                <key>id</key>
                <string>4270</string>
                <key>children</key>
                <array>
                    <string>4271</string>
                </array>
            </dict>
            <dict>
                <key>id</key>
                <string>4279</string>
                <key>children</key>
                <array>
                    <string>4280</string>
                </array>
            </dict>
            <dict>
                <key>id</key>
                <string>4288</string>
                <key>children</key>
                <array>
                    <string>4289</string>
                </array>
            </dict>
            <dict>
                <key>id</key>
                <string>4297</string>
                <key>children</key>
                <array>
                    <string>4298</string>
                </array>
            </dict>
            <dict>
                <key>id</key>
                <string>4306</string>
                <key>children</key>
                <array>
                    <string>4307</string>
                </array>
            </dict>
            <dict>
                <key>id</key>
                <string>4315</string>
                <key>children</key>
                <array>
                    <string>4316</string>
                </array>
            </dict>
            <dict>
                <key>id</key>
                <string>4324</string>
                <key>children</key>
                <array>
                    <string>4325</string>
                </array>
            </dict>
            <dict>
                <key>id</key>
                <string>4333</string>
                <key>children</key>
                <array>
                    <string>4334</string>
                </array>
            </dict>
            <dict>
                <key>id</key>
                <string>4342</string>
                <key>children</key>
                <array>
                    <string>4343</string>
                </array>
            </dict>
            <dict>
                <key>id</key>
                <string>4351</string>
                <key>children</key>
                <array>
                    <string>4352</string>
                </array>
            </dict>
            <dict>
                <key>id</key>
                <string>4360</string>
                <key>children</key>
                <array>
                    <string>4361</string>
                </array>
            </dict>
            <dict>
                <key>id</key>
                <string>4369</string>
                <key>children</key>
                <array>
                    <string>4370</string>
                </array>
            </dict>
            <dict>
                <key>id</key>
                <string>4378</string>
                <key>children</key>
                <array>
                    <string>4379</string>
                </array>
            </dict>
            <dict>
                <key>id</key>
                <string>4387</string>
                <key>children</key>
                <array>
                    <string>4388</string>
                </array>
            </dict>
            <dict>
                <key>id</key>
                <string>4396</string>
                <key>children</key>
                <array>
                    <string>4397</string>
                </array>
            </dict>
            <dict>
                <key>id</key>
                <string>4405</string>
                <key>children</key>
                <array>
                    <string>4406</string>
                </array>
            </dict>
            <dict>
                <key>id</key>
                <string>4414</string>
                <key>children</key>
                <array>
                    <string>4415</string>
                </array>
            </dict>
            <dict>
                <key>id</key>
                <string>4423</string>
                <key>children</key>
                <array>
                    <string>4424</string>
                </array>
            </dict>
            <dict>
                <key>id</key>
                <string>4432</string>
                <key>children</key>
                <array>
                    <string>4433</string>
                </array>
            </dict>
            <dict>
                <key>id</key>
                <string>4441</string>
                <key>children</key>
                <array>
                    <string>4442</string>
                </array>
            </dict>
            <dict>
                <key>id</key>
                <string>4450</string>
                <key>children</key>
                <array>
                    <string>4451</string>
                </array>
            </dict>
            <dict>
                <key>id</key>
                <string>4459</string>
                <key>children</key>
                <array>
                    <string>4460</string>
                </array>
            </dict>
            <dict>
                <key>id</key>
                <string>4468</string>
                <key>children</key>
                <array>
                    <string>4469</string>
                </array>
            </dict>
            <dict>
                <key>id</key>
                <string>4477</string>
                <key>children</key>
                <array>
                    <string>4478</string>
                </array>
            </dict>
            <dict>
                <key>id</key>
                <string>4486</string>
                <key>children</key>
                <array>
                    <string>4487</string>
                </array>
            </dict>
            <dict>
                <key>id</key>
                <string>4495</string>
                <key>children</key>
                <array>
                    <string>4496</string>
                </array>
            </dict>
            <dict>
                <key>id</key>
                <string>4504</string>
                <key>children</key>
                <array>
                    <string>4505</string>
                </array>
            </dict>
            <dict>
                <key>id</key>
                <string>4513</string>
                <key>children</key>
                <array>
                    <string>4514</string>
                </array>
            </dict>
            <dict>
                <key>id</key>
                <string>4526</string>
                <key>children</key>
                <array>
                    <string>4527</string>
                </array>
            </dict>
            <dict>
                <key>id</key>
                <string>4535</string>
                <key>children</key>
                <array>
                    <string>4536</string>
                </array>
            </dict>
            <dict>
                <key>id</key>
                <string>4544</string>
                <key>children</key>
                <array>
                    <string>4545</string>
                </array>
            </dict>
            <dict>
                <key>id</key>
                <string>4554</string>
                <key>children</key>
                <array>
                    <string>4555</string>
                </array>
            </dict>
            <dict>
                <key>id</key>
                <string>4563</string>
                <key>children</key>
                <array>
                    <string>4564</string>
                </array>
            </dict>
            <dict>
                <key>id</key>
                <string>4572</string>
                <key>children</key>
                <array>
                    <string>4573</string>
                </array>
            </dict>
            <dict>
                <key>id</key>
                <string>4581</string>
                <key>children</key>
                <array>
                    <string>4582</string>
                </array>
            </dict>
            <dict>
                <key>id</key>
                <string>4593</string>
                <key>children</key>
                <array>
                    <string>4594</string>
                </array>
            </dict>
            <dict>
                <key>id</key>
                <string>4602</string>
                <key>children</key>
                <array>
                    <string>4603</string>
                </array>
            </dict>
            <dict>
                <key>id</key>
                <string>4611</string>
                <key>children</key>
                <array>
                    <string>4612</string>
                </array>
            </dict>
            <dict>
                <key>id</key>
                <string>4620</string>
                <key>children</key>
                <array>
                    <string>4621</string>
                </array>
            </dict>
            <dict>
                <key>id</key>
                <string>4629</string>
                <key>children</key>
                <array>
                    <string>4630</string>
                </array>
            </dict>
            <dict>
                <key>id</key>
                <string>4638</string>
                <key>children</key>
                <array>
                    <string>4639</string>
                </array>
            </dict>
            <dict>
                <key>id</key>
                <string>4647</string>
                <key>children</key>
                <array>
                    <string>4648</string>
                </array>
            </dict>
            <dict>
                <key>id</key>
                <string>4656</string>
                <key>children</key>
                <array>
                    <string>4657</string>
                </array>
            </dict>
            <dict>
                <key>id</key>
                <string>4665</string>
                <key>children</key>
                <array>
                    <string>4666</string>
                </array>
            </dict>
            <dict>
                <key>id</key>
                <string>4674</string>
                <key>children</key>
                <array>
                    <string>4675</string>
                </array>
            </dict>
            <dict>
                <key>id</key>
                <string>4683</string>
                <key>children</key>
                <array>
                    <string>4684</string>
                </array>
            </dict>
            <dict>
                <key>id</key>
                <string>4692</string>
                <key>children</key>
                <array>
                    <string>4693</string>
                </array>
            </dict>
            <dict>
                <key>id</key>
                <string>4701</string>
                <key>children</key>
                <array>
                    <string>4702</string>
                </array>
            </dict>
            <dict>
                <key>id</key>
                <string>4710</string>
                <key>children</key>
                <array>
                    <string>4711</string>
                </array>
            </dict>
            <dict>
                <key>id</key>
                <string>4719</string>
                <key>children</key>
                <array>
                    <string>4720</string>
                </array>
            </dict>
            <dict>
                <key>id</key>
                <string>4736</string>
                <key>children</key>
                <array>
                    <string>4737</string>
                </array>
            </dict>
            <dict>
                <key>id</key>
                <string>4781</string>
                <key>children</key>
                <array>
                    <string>4782</string>
                </array>
            </dict>
            <dict>
                <key>id</key>
                <string>4793</string>
                <key>children</key>
                <array>
                    <string>4794</string>
                </array>
            </dict>
            <dict>
                <key>id</key>
                <string>4862</string>
                <key>children</key>
                <array>
                    <string>4863</string>
                </array>
            </dict>
            <dict>
                <key>id</key>
                <string>4895</string>
                <key>children</key>
                <array>
                    <string>4896</string>
                </array>
            </dict>
            <dict>
                <key>id</key>
                <string>4904</string>
                <key>children</key>
                <array>
                    <string>4905</string>
                </array>
            </dict>
            <dict>
                <key>id</key>
                <string>4916</string>
                <key>children</key>
                <array>
                    <string>4917</string>
                </array>
            </dict>
            <dict>
                <key>id</key>
                <string>4932</string>
                <key>children</key>
                <array>
                    <string>4933</string>
                </array>
            </dict>
            <dict>
                <key>id</key>
                <string>4946</string>
                <key>children</key>
                <array>
                    <string>4947</string>
                </array>
            </dict>
            <dict>
                <key>id</key>
                <string>4955</string>
                <key>children</key>
                <array>
                    <string>4956</string>
                </array>
            </dict>
            <dict>
                <key>id</key>
                <string>4970</string>
                <key>children</key>
                <array>
                    <string>4971</string>
                </array>
            </dict>
            <dict>
                <key>id</key>
                <string>5059</string>
                <key>children</key>
                <array>
                    <string>5060</string>
                </array>
            </dict>
            <dict>
                <key>id</key>
                <string>5078</string>
                <key>children</key>
                <array>
                    <string>5079</string>
                </array>
            </dict>
            <dict>
                <key>id</key>
                <string>5087</string>
                <key>children</key>
                <array>
                    <string>5088</string>
                </array>
            </dict>
            <dict>
                <key>id</key>
                <string>5096</string>
                <key>children</key>
                <array>
                    <string>5097</string>
                </array>
            </dict>
            <dict>
                <key>id</key>
                <string>5105</string>
                <key>children</key>
                <array>
                    <string>5106</string>
                </array>
            </dict>
            <dict>
                <key>id</key>
                <string>5160</string>
                <key>children</key>
                <array>
                    <string>5161</string>
                </array>
            </dict>
            <dict>
                <key>id</key>
                <string>5170</string>
                <key>children</key>
                <array>
                    <string>5171</string>
                </array>
            </dict>
            <dict>
                <key>id</key>
                <string>5179</string>
                <key>children</key>
                <array>
                    <string>5180</string>
                </array>
            </dict>
            <dict>
                <key>id</key>
                <string>5188</string>
                <key>children</key>
                <array>
                    <string>5189</string>
                </array>
            </dict>
            <dict>
                <key>id</key>
                <string>5197</string>
                <key>children</key>
                <array>
                    <string>5198</string>
                </array>
            </dict>
            <dict>
                <key>id</key>
                <string>5206</string>
                <key>children</key>
                <array>
                    <string>5207</string>
                </array>
            </dict>
            <dict>
                <key>id</key>
                <string>5215</string>
                <key>children</key>
                <array>
                    <string>5216</string>
                </array>
            </dict>
            <dict>
                <key>id</key>
                <string>5224</string>
                <key>children</key>
                <array>
                    <string>5225</string>
                </array>
            </dict>
            <dict>
                <key>id</key>
                <string>5247</string>
                <key>children</key>
                <array>
                    <string>5248</string>
                </array>
            </dict>
            <dict>
                <key>id</key>
                <string>5258</string>
                <key>children</key>
                <array>
                    <string>5259</string>
                </array>
            </dict>
            <dict>
                <key>id</key>
                <string>5316</string>
                <key>children</key>
                <array>
                    <string>5317</string>
                </array>
            </dict>
            <dict>
                <key>id</key>
                <string>5326</string>
                <key>children</key>
                <array>
                    <string>5327</string>
                </array>
            </dict>
            <dict>
                <key>id</key>
                <string>5335</string>
                <key>children</key>
                <array>
                    <string>5336</string>
                </array>
            </dict>
            <dict>
                <key>id</key>
                <string>5383</string>
                <key>children</key>
                <array>
                    <string>5384</string>
                </array>
            </dict>
            <dict>
                <key>id</key>
                <string>5502</string>
                <key>children</key>
                <array>
                    <string>5503</string>
                </array>
            </dict>
            <dict>
                <key>id</key>
                <string>5709</string>
                <key>children</key>
                <array>
                    <string>5710</string>
                </array>
            </dict>
            <dict>
                <key>id</key>
                <string>5778</string>
                <key>children</key>
                <array>
                    <string>5779</string>
                </array>
            </dict>
            <dict>
                <key>id</key>
                <string>5787</string>
                <key>children</key>
                <array>
                    <string>5788</string>
                </array>
            </dict>
            <dict>
                <key>id</key>
                <string>5961</string>
                <key>children</key>
                <array>
                    <string>5962</string>
                </array>
            </dict>
            <dict>
                <key>id</key>
                <string>5970</string>
                <key>children</key>
                <array>
                    <string>5971</string>
                </array>
            </dict>
            <dict>
                <key>id</key>
                <string>5979</string>
                <key>children</key>
                <array>
                    <string>5980</string>
                </array>
            </dict>
            <dict>
                <key>id</key>
                <string>5988</string>
                <key>children</key>
                <array>
                    <string>5989</string>
                </array>
            </dict>
            <dict>
                <key>id</key>
                <string>5997</string>
                <key>children</key>
                <array>
                    <string>5998</string>
                </array>
            </dict>
            <dict>
                <key>id</key>
                <string>6006</string>
                <key>children</key>
                <array>
                    <string>6007</string>
                </array>
            </dict>
            <dict>
                <key>id</key>
                <string>6015</string>
                <key>children</key>
                <array>
                    <string>6016</string>
                </array>
            </dict>
            <dict>
                <key>id</key>
                <string>6024</string>
                <key>children</key>
                <array>
                    <string>6025</string>
                </array>
            </dict>
            <dict>
                <key>id</key>
                <string>6033</string>
                <key>children</key>
                <array>
                    <string>6034</string>
                </array>
            </dict>
            <dict>
                <key>id</key>
                <string>6042</string>
                <key>children</key>
                <array>
                    <string>6043</string>
                </array>
            </dict>
            <dict>
                <key>id</key>
                <string>6051</string>
                <key>children</key>
                <array>
                    <string>6052</string>
                </array>
            </dict>
            <dict>
                <key>id</key>
                <string>6060</string>
                <key>children</key>
                <array>
                    <string>6061</string>
                </array>
            </dict>
            <dict>
                <key>id</key>
                <string>6069</string>
                <key>children</key>
                <array>
                    <string>6070</string>
                </array>
            </dict>
            <dict>
                <key>id</key>
                <string>6078</string>
                <key>children</key>
                <array>
                    <string>6079</string>
                </array>
            </dict>
            <dict>
                <key>id</key>
                <string>6087</string>
                <key>children</key>
                <array>
                    <string>6088</string>
                </array>
            </dict>
            <dict>
                <key>id</key>
                <string>6108</string>
                <key>children</key>
                <array>
                    <string>6109</string>
                </array>
            </dict>
            <dict>
                <key>id</key>
                <string>6117</string>
                <key>children</key>
                <array>
                    <string>6118</string>
                </array>
            </dict>
            <dict>
                <key>id</key>
                <string>6163</string>
                <key>children</key>
                <array>
                    <string>6164</string>
                </array>
            </dict>
            <dict>
                <key>id</key>
                <string>6172</string>
                <key>children</key>
                <array>
                    <string>6173</string>
                </array>
            </dict>
            <dict>
                <key>id</key>
                <string>6270</string>
                <key>children</key>
                <array>
                    <string>6271</string>
                </array>
            </dict>
            <dict>
                <key>id</key>
                <string>6279</string>
                <key>children</key>
                <array>
                    <string>6280</string>
                </array>
            </dict>
            <dict>
                <key>id</key>
                <string>6288</string>
                <key>children</key>
                <array>
                    <string>6289</string>
                </array>
            </dict>
            <dict>
                <key>id</key>
                <string>6297</string>
                <key>children</key>
                <array>
                    <string>6298</string>
                </array>
            </dict>
            <dict>
                <key>id</key>
                <string>6308</string>
                <key>children</key>
                <array>
                    <string>6309</string>
                </array>
            </dict>
            <dict>
                <key>id</key>
                <string>6317</string>
                <key>children</key>
                <array>
                    <string>6318</string>
                </array>
            </dict>
            <dict>
                <key>id</key>
                <string>6407</string>
                <key>children</key>
                <array>
                    <string>6408</string>
                </array>
            </dict>
            <dict>
                <key>id</key>
                <string>6416</string>
                <key>children</key>
                <array>
                    <string>6417</string>
                </array>
            </dict>
            <dict>
                <key>id</key>
                <string>6536</string>
                <key>children</key>
                <array>
                    <string>6537</string>
                </array>
            </dict>
            <dict>
                <key>id</key>
                <string>6546</string>
                <key>children</key>
                <array>
                    <string>6547</string>
                </array>
            </dict>
            <dict>
                <key>id</key>
                <string>6555</string>
                <key>children</key>
                <array>
                    <string>6556</string>
                </array>
            </dict>
            <dict>
                <key>id</key>
                <string>6565</string>
                <key>children</key>
                <array>
                    <string>6566</string>
                </array>
            </dict>
            <dict>
                <key>id</key>
                <string>6585</string>
                <key>children</key>
                <array>
                    <string>6586</string>
                </array>
            </dict>
            <dict>
                <key>id</key>
                <string>6594</string>
                <key>children</key>
                <array>
                    <string>6595</string>
                </array>
            </dict>
            <dict>
                <key>id</key>
                <string>6603</string>
                <key>children</key>
                <array>
                    <string>6604</string>
                </array>
            </dict>
            <dict>
                <key>id</key>
                <string>6612</string>
                <key>children</key>
                <array>
                    <string>6613</string>
                </array>
            </dict>
            <dict>
                <key>id</key>
                <string>6637</string>
                <key>children</key>
                <array>
                    <string>6638</string>
                </array>
            </dict>
            <dict>
                <key>id</key>
                <string>6688</string>
                <key>children</key>
                <array>
                    <string>6689</string>
                </array>
            </dict>
            <dict>
                <key>id</key>
                <string>6738</string>
                <key>children</key>
                <array>
                    <string>6739</string>
                </array>
            </dict>
            <dict>
                <key>id</key>
                <string>6747</string>
                <key>children</key>
                <array>
                    <string>6748</string>
                </array>
            </dict>
            <dict>
                <key>id</key>
                <string>6769</string>
                <key>children</key>
                <array>
                    <string>6770</string>
                </array>
            </dict>
            <dict>
                <key>id</key>
                <string>6778</string>
                <key>children</key>
                <array>
                    <string>6779</string>
                </array>
            </dict>
            <dict>
                <key>id</key>
                <string>6787</string>
                <key>children</key>
                <array>
                    <string>6788</string>
                </array>
            </dict>
            <dict>
                <key>id</key>
                <string>6836</string>
                <key>children</key>
                <array>
                    <string>6837</string>
                </array>
            </dict>
            <dict>
                <key>id</key>
                <string>6846</string>
                <key>children</key>
                <array>
                    <string>6847</string>
                </array>
            </dict>
            <dict>
                <key>id</key>
                <string>6872</string>
                <key>children</key>
                <array>
                    <string>6873</string>
                </array>
            </dict>
            <dict>
                <key>id</key>
                <string>6881</string>
                <key>children</key>
                <array>
                    <string>6882</string>
                </array>
            </dict>
            <dict>
                <key>id</key>
                <string>6890</string>
                <key>children</key>
                <array>
                    <string>6891</string>
                </array>
            </dict>
            <dict>
                <key>id</key>
                <string>6899</string>
                <key>children</key>
                <array>
                    <string>6900</string>
                </array>
            </dict>
            <dict>
                <key>id</key>
                <string>6908</string>
                <key>children</key>
                <array>
                    <string>6909</string>
                </array>
            </dict>
            <dict>
                <key>id</key>
                <string>6917</string>
                <key>children</key>
                <array>
                    <string>6918</string>
                </array>
            </dict>
            <dict>
                <key>id</key>
                <string>6926</string>
                <key>children</key>
                <array>
                    <string>6927</string>
                </array>
            </dict>
            <dict>
                <key>id</key>
                <string>6935</string>
                <key>children</key>
                <array>
                    <string>6936</string>
                </array>
            </dict>
            <dict>
                <key>id</key>
                <string>6944</string>
                <key>children</key>
                <array>
                    <string>6945</string>
                </array>
            </dict>
            <dict>
                <key>id</key>
                <string>6953</string>
                <key>children</key>
                <array>
                    <string>6954</string>
                </array>
            </dict>
            <dict>
                <key>id</key>
                <string>6962</string>
                <key>children</key>
                <array>
                    <string>6963</string>
                </array>
            </dict>
            <dict>
                <key>id</key>
                <string>7013</string>
                <key>children</key>
                <array>
                    <string>7014</string>
                </array>
            </dict>
            <dict>
                <key>id</key>
                <string>7022</string>
                <key>children</key>
                <array>
                    <string>7023</string>
                </array>
            </dict>
            <dict>
                <key>id</key>
                <string>7031</string>
                <key>children</key>
                <array>
                    <string>7032</string>
                </array>
            </dict>
            <dict>
                <key>id</key>
                <string>7052</string>
                <key>children</key>
                <array>
                    <string>7053</string>
                </array>
            </dict>
            <dict>
                <key>id</key>
                <string>7061</string>
                <key>children</key>
                <array>
                    <string>7062</string>
                </array>
            </dict>
            <dict>
                <key>id</key>
                <string>7070</string>
                <key>children</key>
                <array>
                    <string>7071</string>
                </array>
            </dict>
            <dict>
                <key>id</key>
                <string>7081</string>
                <key>children</key>
                <array>
                    <string>7082</string>
                </array>
            </dict>
            <dict>
                <key>id</key>
                <string>7090</string>
                <key>children</key>
                <array>
                    <string>7091</string>
                </array>
            </dict>
            <dict>
                <key>id</key>
                <string>7099</string>
                <key>children</key>
                <array>
                    <string>7100</string>
                </array>
            </dict>
            <dict>
                <key>id</key>
                <string>7108</string>
                <key>children</key>
                <array>
                    <string>7109</string>
                </array>
            </dict>
            <dict>
                <key>id</key>
                <string>7117</string>
                <key>children</key>
                <array>
                    <string>7118</string>
                </array>
            </dict>
            <dict>
                <key>id</key>
                <string>7126</string>
                <key>children</key>
                <array>
                    <string>7127</string>
                </array>
            </dict>
            <dict>
                <key>id</key>
                <string>7135</string>
                <key>children</key>
                <array>
                    <string>7136</string>
                </array>
            </dict>
            <dict>
                <key>id</key>
                <string>7144</string>
                <key>children</key>
                <array>
                    <string>7145</string>
                </array>
            </dict>
            <dict>
                <key>id</key>
                <string>7153</string>
                <key>children</key>
                <array>
                    <string>7154</string>
                </array>
            </dict>
            <dict>
                <key>id</key>
                <string>7162</string>
                <key>children</key>
                <array>
                    <string>7163</string>
                </array>
            </dict>
            <dict>
                <key>id</key>
                <string>7171</string>
                <key>children</key>
                <array>
                    <string>7172</string>
                </array>
            </dict>
            <dict>
                <key>id</key>
                <string>7180</string>
                <key>children</key>
                <array>
                    <string>7181</string>
                </array>
            </dict>
        </array>
    </dict>
</plist>
