<?xml version="1.0" encoding="UTF-8"?>
<!DOCTYPE plist PUBLIC "-//Apple//DTD PLIST 1.0//EN" "http://www.apple.com/DTDs/PropertyList-1.0.dtd"/>

<plist version="1.0">
    <dict>
        <key>ROOT</key>
        <array>
            <dict>
                <key>id</key>
                <string>1863</string>
                <key>Default Animation</key>
                <dict>
                    <key>value</key>
                    <string>1865</string>
                </dict>
                <key>Shooting Animation</key>
                <dict>
                    <key>value</key>
                    <string>1877</string>
                </dict>
                <key>Bullet Animation</key>
                <dict>
                    <key>value</key>
                    <string>2318</string>
                </dict>
                <key>Jump Animation</key>
                <dict>
                    <key>value</key>
                    <string>1960</string>
                </dict>
                <key>Move Animation</key>
                <dict>
                    <key>value</key>
                    <string>1986</string>
                </dict>
                <key>Defeated Animation</key>
                <dict>
                    <key>value</key>
                    <string>2012</string>
                </dict>
                <key>Jump Sound</key>
                <dict>
                    <key>value</key>
                    <string>6842</string>
                </dict>
                <key>Shoot Sound</key>
                <dict>
                    <key>value</key>
                    <string>6765</string>
                </dict>
                <key>Defeated Sound</key>
                <dict>
                    <key>value</key>
                    <string>7076</string>
                </dict>
                <key>Ground Collision</key>
                <dict>
                    <key>value</key>
                    <string>7077</string>
                </dict>
                <key>components</key>
                <array>
                    <string>1869</string>
                    <string>3436</string>
                </array>
            </dict>
        </array>
    </dict>
</plist>
