<?xml version="1.0" encoding="UTF-8"?>
<!DOCTYPE plist PUBLIC "-//Apple//DTD PLIST 1.0//EN" "http://www.apple.com/DTDs/PropertyList-1.0.dtd"/>

<plist version="1.0">
    <dict>
        <key>ROOT</key>
        <array>
            <dict>
                <key>id</key>
                <string>962</string>
            </dict>
            <dict>
                <key>id</key>
                <string>963</string>
            </dict>
            <dict>
                <key>id</key>
                <string>1269</string>
            </dict>
            <dict>
                <key>id</key>
                <string>1292</string>
            </dict>
            <dict>
                <key>id</key>
                <string>4209</string>
            </dict>
            <dict>
                <key>id</key>
                <string>4266</string>
            </dict>
            <dict>
                <key>id</key>
                <string>4750</string>
            </dict>
            <dict>
                <key>id</key>
                <string>4891</string>
            </dict>
            <dict>
                <key>id</key>
                <string>5342</string>
            </dict>
            <dict>
                <key>id</key>
                <string>5498</string>
            </dict>
            <dict>
                <key>id</key>
                <string>5527</string>
            </dict>
            <dict>
                <key>id</key>
                <string>5529</string>
            </dict>
            <dict>
                <key>id</key>
                <string>5531</string>
            </dict>
            <dict>
                <key>id</key>
                <string>5533</string>
            </dict>
            <dict>
                <key>id</key>
                <string>5535</string>
            </dict>
            <dict>
                <key>id</key>
                <string>5537</string>
            </dict>
            <dict>
                <key>id</key>
                <string>5539</string>
            </dict>
            <dict>
                <key>id</key>
                <string>5541</string>
            </dict>
            <dict>
                <key>id</key>
                <string>5543</string>
            </dict>
            <dict>
                <key>id</key>
                <string>5545</string>
            </dict>
            <dict>
                <key>id</key>
                <string>5547</string>
            </dict>
            <dict>
                <key>id</key>
                <string>5549</string>
            </dict>
            <dict>
                <key>id</key>
                <string>5551</string>
            </dict>
            <dict>
                <key>id</key>
                <string>5553</string>
            </dict>
            <dict>
                <key>id</key>
                <string>5555</string>
            </dict>
            <dict>
                <key>id</key>
                <string>5557</string>
            </dict>
            <dict>
                <key>id</key>
                <string>5559</string>
            </dict>
            <dict>
                <key>id</key>
                <string>5561</string>
            </dict>
            <dict>
                <key>id</key>
                <string>5563</string>
            </dict>
            <dict>
                <key>id</key>
                <string>5565</string>
            </dict>
            <dict>
                <key>id</key>
                <string>5567</string>
            </dict>
            <dict>
                <key>id</key>
                <string>5569</string>
            </dict>
            <dict>
                <key>id</key>
                <string>5571</string>
            </dict>
            <dict>
                <key>id</key>
                <string>5573</string>
            </dict>
            <dict>
                <key>id</key>
                <string>5575</string>
            </dict>
            <dict>
                <key>id</key>
                <string>5577</string>
            </dict>
            <dict>
                <key>id</key>
                <string>5579</string>
            </dict>
            <dict>
                <key>id</key>
                <string>5581</string>
            </dict>
            <dict>
                <key>id</key>
                <string>5583</string>
            </dict>
            <dict>
                <key>id</key>
                <string>5585</string>
            </dict>
            <dict>
                <key>id</key>
                <string>5587</string>
            </dict>
            <dict>
                <key>id</key>
                <string>5589</string>
            </dict>
            <dict>
                <key>id</key>
                <string>5591</string>
            </dict>
            <dict>
                <key>id</key>
                <string>5593</string>
            </dict>
            <dict>
                <key>id</key>
                <string>5595</string>
            </dict>
            <dict>
                <key>id</key>
                <string>5597</string>
            </dict>
            <dict>
                <key>id</key>
                <string>5599</string>
            </dict>
            <dict>
                <key>id</key>
                <string>5601</string>
            </dict>
            <dict>
                <key>id</key>
                <string>5603</string>
            </dict>
            <dict>
                <key>id</key>
                <string>5605</string>
            </dict>
            <dict>
                <key>id</key>
                <string>5607</string>
            </dict>
            <dict>
                <key>id</key>
                <string>5609</string>
            </dict>
            <dict>
                <key>id</key>
                <string>5611</string>
            </dict>
            <dict>
                <key>id</key>
                <string>5613</string>
            </dict>
            <dict>
                <key>id</key>
                <string>5615</string>
            </dict>
            <dict>
                <key>id</key>
                <string>5617</string>
            </dict>
            <dict>
                <key>id</key>
                <string>5619</string>
            </dict>
            <dict>
                <key>id</key>
                <string>5621</string>
            </dict>
            <dict>
                <key>id</key>
                <string>5623</string>
            </dict>
            <dict>
                <key>id</key>
                <string>5625</string>
            </dict>
            <dict>
                <key>id</key>
                <string>5627</string>
            </dict>
            <dict>
                <key>id</key>
                <string>5629</string>
            </dict>
            <dict>
                <key>id</key>
                <string>5631</string>
            </dict>
            <dict>
                <key>id</key>
                <string>5633</string>
            </dict>
            <dict>
                <key>id</key>
                <string>5635</string>
            </dict>
            <dict>
                <key>id</key>
                <string>5637</string>
            </dict>
            <dict>
                <key>id</key>
                <string>5639</string>
            </dict>
            <dict>
                <key>id</key>
                <string>5641</string>
            </dict>
            <dict>
                <key>id</key>
                <string>5643</string>
            </dict>
            <dict>
                <key>id</key>
                <string>5645</string>
            </dict>
            <dict>
                <key>id</key>
                <string>5647</string>
            </dict>
            <dict>
                <key>id</key>
                <string>5649</string>
            </dict>
            <dict>
                <key>id</key>
                <string>5651</string>
            </dict>
            <dict>
                <key>id</key>
                <string>5653</string>
            </dict>
            <dict>
                <key>id</key>
                <string>5655</string>
            </dict>
            <dict>
                <key>id</key>
                <string>5657</string>
            </dict>
            <dict>
                <key>id</key>
                <string>5659</string>
            </dict>
            <dict>
                <key>id</key>
                <string>5661</string>
            </dict>
            <dict>
                <key>id</key>
                <string>5663</string>
            </dict>
            <dict>
                <key>id</key>
                <string>5665</string>
            </dict>
            <dict>
                <key>id</key>
                <string>5667</string>
            </dict>
            <dict>
                <key>id</key>
                <string>5669</string>
            </dict>
            <dict>
                <key>id</key>
                <string>5671</string>
            </dict>
            <dict>
                <key>id</key>
                <string>5673</string>
            </dict>
            <dict>
                <key>id</key>
                <string>5675</string>
            </dict>
            <dict>
                <key>id</key>
                <string>5677</string>
            </dict>
            <dict>
                <key>id</key>
                <string>5679</string>
            </dict>
            <dict>
                <key>id</key>
                <string>5681</string>
            </dict>
            <dict>
                <key>id</key>
                <string>5683</string>
            </dict>
            <dict>
                <key>id</key>
                <string>5685</string>
            </dict>
            <dict>
                <key>id</key>
                <string>5687</string>
            </dict>
            <dict>
                <key>id</key>
                <string>5689</string>
            </dict>
            <dict>
                <key>id</key>
                <string>5691</string>
            </dict>
            <dict>
                <key>id</key>
                <string>5693</string>
            </dict>
            <dict>
                <key>id</key>
                <string>5695</string>
            </dict>
            <dict>
                <key>id</key>
                <string>5697</string>
            </dict>
            <dict>
                <key>id</key>
                <string>5699</string>
            </dict>
            <dict>
                <key>id</key>
                <string>5701</string>
            </dict>
            <dict>
                <key>id</key>
                <string>5703</string>
            </dict>
            <dict>
                <key>id</key>
                <string>5705</string>
            </dict>
            <dict>
                <key>id</key>
                <string>5716</string>
            </dict>
            <dict>
                <key>id</key>
                <string>5718</string>
            </dict>
            <dict>
                <key>id</key>
                <string>5720</string>
            </dict>
            <dict>
                <key>id</key>
                <string>5722</string>
            </dict>
            <dict>
                <key>id</key>
                <string>5724</string>
            </dict>
            <dict>
                <key>id</key>
                <string>5726</string>
            </dict>
            <dict>
                <key>id</key>
                <string>5728</string>
            </dict>
            <dict>
                <key>id</key>
                <string>5730</string>
            </dict>
            <dict>
                <key>id</key>
                <string>5732</string>
            </dict>
            <dict>
                <key>id</key>
                <string>5734</string>
            </dict>
            <dict>
                <key>id</key>
                <string>5736</string>
            </dict>
            <dict>
                <key>id</key>
                <string>5738</string>
            </dict>
            <dict>
                <key>id</key>
                <string>5740</string>
            </dict>
            <dict>
                <key>id</key>
                <string>5742</string>
            </dict>
            <dict>
                <key>id</key>
                <string>5744</string>
            </dict>
            <dict>
                <key>id</key>
                <string>5746</string>
            </dict>
            <dict>
                <key>id</key>
                <string>5748</string>
            </dict>
            <dict>
                <key>id</key>
                <string>5750</string>
            </dict>
            <dict>
                <key>id</key>
                <string>5752</string>
            </dict>
            <dict>
                <key>id</key>
                <string>5754</string>
            </dict>
            <dict>
                <key>id</key>
                <string>5756</string>
            </dict>
            <dict>
                <key>id</key>
                <string>5758</string>
            </dict>
            <dict>
                <key>id</key>
                <string>5760</string>
            </dict>
            <dict>
                <key>id</key>
                <string>5762</string>
            </dict>
            <dict>
                <key>id</key>
                <string>5764</string>
            </dict>
            <dict>
                <key>id</key>
                <string>5766</string>
            </dict>
            <dict>
                <key>id</key>
                <string>5768</string>
            </dict>
            <dict>
                <key>id</key>
                <string>5770</string>
            </dict>
            <dict>
                <key>id</key>
                <string>5772</string>
            </dict>
            <dict>
                <key>id</key>
                <string>5774</string>
            </dict>
            <dict>
                <key>id</key>
                <string>5957</string>
            </dict>
        </array>
    </dict>
</plist>
