<?xml version="1.0" encoding="UTF-8"?>
<!DOCTYPE plist PUBLIC "-//Apple//DTD PLIST 1.0//EN" "http://www.apple.com/DTDs/PropertyList-1.0.dtd"/>

<plist version="1.0">
    <dict>
        <key>ROOT</key>
        <array>
            <dict>
                <key>id</key>
                <string>2161</string>
                <key>Idle Animation</key>
                <dict>
                    <key>value</key>
                    <string>2163</string>
                </dict>
            </dict>
            <dict>
                <key>id</key>
                <string>2419</string>
                <key>Idle Animation</key>
                <dict>
                    <key>value</key>
                    <string>2421</string>
                </dict>
            </dict>
            <dict>
                <key>id</key>
                <string>1738</string>
                <key>Idle Animation</key>
                <dict>
                    <key>value</key>
                    <string>1740</string>
                </dict>
            </dict>
            <dict>
                <key>id</key>
                <string>2061</string>
                <key>Idle Animation</key>
                <dict>
                    <key>value</key>
                    <string>2063</string>
                </dict>
            </dict>
            <dict>
                <key>id</key>
                <string>2578</string>
                <key>Idle Animation</key>
                <dict>
                    <key>value</key>
                    <string>2580</string>
                </dict>
            </dict>
            <dict>
                <key>id</key>
                <string>2497</string>
                <key>Idle Animation</key>
                <dict>
                    <key>value</key>
                    <string>2499</string>
                </dict>
            </dict>
            <dict>
                <key>id</key>
                <string>3864</string>
                <key>Idle Animation</key>
                <dict>
                    <key>value</key>
                    <string>3866</string>
                </dict>
            </dict>
            <dict>
                <key>id</key>
                <string>3680</string>
                <key>Idle Animation</key>
                <dict>
                    <key>value</key>
                    <string>3682</string>
                </dict>
            </dict>
            <dict>
                <key>id</key>
                <string>3716</string>
                <key>Idle Animation</key>
                <dict>
                    <key>value</key>
                    <string>3718</string>
                </dict>
            </dict>
            <dict>
                <key>id</key>
                <string>3727</string>
                <key>Idle Animation</key>
                <dict>
                    <key>value</key>
                    <string>3729</string>
                </dict>
            </dict>
            <dict>
                <key>id</key>
                <string>2362</string>
                <key>Idle Animation</key>
                <dict>
                    <key>value</key>
                    <string>2364</string>
                </dict>
            </dict>
            <dict>
                <key>id</key>
                <string>3935</string>
                <key>Idle Animation</key>
                <dict>
                    <key>value</key>
                    <string>3937</string>
                </dict>
            </dict>
            <dict>
                <key>id</key>
                <string>4860</string>
                <key>Idle Animation</key>
                <dict>
                    <key>value</key>
                    <string>4862</string>
                </dict>
            </dict>
            <dict>
                <key>id</key>
                <string>3793</string>
                <key>Idle Animation</key>
                <dict>
                    <key>value</key>
                    <string>3795</string>
                </dict>
            </dict>
            <dict>
                <key>id</key>
                <string>6534</string>
                <key>Idle Animation</key>
                <dict>
                    <key>value</key>
                    <string>6536</string>
                </dict>
            </dict>
        </array>
    </dict>
</plist>
